Code,Name,Country,Exchange,Currency,Type,Isin
100H,"MULTI-UNITS LUXEMBOURG - Lyxor FTSE 100 UCITS ETF - Monthly Hedged to EUR - Acc",France,PA,EUR,ETF,LU1650492330
2CRSI,"2CRSI S.A",France,PA,EUR,"Common Stock",FR0013341781
500,"Amundi Index Solutions - Amundi S&P 500 UCITS ETF C EUR",France,PA,EUR,ETF,FR0010892224
500H,"Amundi Index Solutions - Amundi S&P 500 UCITS ETF C Hedged EUR",France,PA,EUR,ETF,FR0011133644
500U,"Amundi Index Solutions - Amundi S&P 500 UCITS ETF C USD",France,PA,USD,ETF,FR0010912576
50E,"HSBC EURO STOXX 50 UCITS ETF",France,PA,EUR,ETF,IE00B4K6B022
AASI,"Amundi Index Solutions - Amundi MSCI Em Asia UCITS ETF-C EUR",France,PA,EUR,ETF,FR0011020965
AASU,"Amundi Index Solutions - Amundi MSCI Em Asia UCITS ETF-C USD",France,PA,USD,ETF,LU1681044563
AB,"AB Science S.A",France,PA,EUR,"Common Stock",FR0010557264
ABCA,"ABC arbitrage SA",France,PA,EUR,"Common Stock",FR0004040608
ABEO,"Abéo SA",France,PA,EUR,"Common Stock",FR0013185857
ABIO,Albioma,France,PA,EUR,"Common Stock",FR0000060402
ABNX,"ABIONYX Pharma SA",France,PA,EUR,"Common Stock",FR0012616852
ABTC,"21Shares AG",France,PA,EUR,ETF,CH0454664001
ABVX,"ABIVAX Société Anonyme",France,PA,EUR,"Common Stock",FR0012333284
AC,"Accor SA",France,PA,EUR,"Common Stock",FR0000120404
ACA,"Crédit Agricole S.A",France,PA,EUR,"Common Stock",FR0000045072
ACAN,"Acanthe Développement",France,PA,EUR,"Common Stock",FR0000064602
ACWE,"SPDR MSCI ACWI UCITS ETF",France,PA,EUR,ETF,IE00B44Z5B48
ACWI,"Lyxor MSCI All Country World UCITS ETF Acc",France,PA,EUR,ETF,LU1829220216
ADOC,"Adocia SA",France,PA,EUR,"Common Stock",FR0011184241
ADP,"Aeroports de Paris SA",France,PA,EUR,"Common Stock",FR0010340141
ADUX,"AdUX SA",France,PA,EUR,"Common Stock",FR0012821890
ADV,"Advenis SA",France,PA,EUR,"Common Stock",FR0004152874
ADVI,"AdVini S.A",France,PA,EUR,"Common Stock",FR0000053043
ADVIC,"Advicenne S.A",France,PA,EUR,"Common Stock",FR0013296746
AEEM,"Amundi Index Solutions - Amundi MSCI Emerging Markets UCITS ETF-C EUR",France,PA,EUR,ETF,LU1681045370
AEJ,"Lyxor MSCI AC Asia Pacific Ex Japan UCITS ETF - Acc-EUR",France,PA,EUR,ETF,LU1900068328
AETH,"Amun Coin Market Cap Fund",France,PA,EUR,ETF,CH0454664027
AEXK,"Amundi Index Solutions - Amundi MSCI Europe Ex UK UCITS ETF DR - EUR (C)",France,PA,EUR,ETF,FR0010988642
AF,"Air France-KLM SA",France,PA,EUR,"Common Stock",FR0000031122
AFIN,"Amundi Index Solutions - Amundi EURO Corporate Financials IBOXX UCITS ETF-C",France,PA,EUR,ETF,LU1681040066
AFLE,"Amundi Index Solutions - Amundi ETF Floating Rate USD Corporate",France,PA,EUR,ETF,LU1681041031
AFLT,"Amundi Index Solutions - Amundi ETF Floating Rate USD Corporate",France,PA,USD,ETF,LU1681040900
AFRN,"Amundi Index Solutions - Amundi Floating Rate EURO Corporate 1-3 UCITS ETF-C",France,PA,EUR,ETF,LU1681041114
AGEB,"Amundi Index Solutions - Amundi Global Emerging Bond Markit IBOXX UCITS ETF-C",France,PA,USD,ETF,LU1681041205
AHYE,"Amundi Index Solutions - Amundi EURO High Yield Liquid Bond IBOXX UCITS ETF-C",France,PA,EUR,ETF,LU1681040496
AI,"L'Air Liquide S.A",France,PA,EUR,"Common Stock",FR0000120073
AIR,"Airbus SE",France,PA,EUR,"Common Stock",NL0000235190
AKA,"AKKA Technologies SE",France,PA,EUR,"Common Stock",FR0004180537
AKE,"Arkema S.A",France,PA,EUR,"Common Stock",FR0010313833
AKOM,"Aerkomm Inc",France,PA,EUR,"Common Stock",
AKW,AKWEL,France,PA,EUR,"Common Stock",FR0000053027
ALACT,"Groupe Actiplay SA",France,PA,EUR,"Common Stock",FR0011038348
ALADA,"ADA Société Anonyme",France,PA,EUR,"Common Stock",FR0000053076
ALADM,"ADThink Media Société Anonyme",France,PA,EUR,"Common Stock",FR0010457531
ALADO,"Adomos S.A",France,PA,EUR,"Common Stock",FR0013247244
ALAGP,"Agripower France SA",France,PA,EUR,"Common Stock",
ALAGR,"AgroGeneration SA",France,PA,EUR,"Common Stock",FR0010641449
ALALO,"Acheter-Louer.Fr SA",France,PA,EUR,"Common Stock",FR0010493510
ALAMG,"Auplata Mining Group",France,PA,EUR,"Common Stock",
ALANT,"Antevenio, S.A",France,PA,EUR,"Common Stock",ES0109429037
ALANV,"Anevia Société Anonyme",France,PA,EUR,"Common Stock",FR0011910652
ALAQU,"Aquila SA",France,PA,EUR,"Common Stock",FR0010340711
ALARF,"Adeunis Société anonyme",France,PA,EUR,"Common Stock",FR0013284627
ALAT,"Amundi Index Solutions - Amundi MSCI Em Latin America UCITS ETF-C EUR",France,PA,EUR,ETF,FR0011020973
ALATF,"Artefact SA",France,PA,EUR,"Common Stock",FR0000079683
ALAU,"Amundi Index Solutions - Amundi MSCI Em Latin America UCITS ETF-C USD",France,PA,USD,ETF,FR0011018324
ALAVY,"AudioValley SA",France,PA,EUR,"Common Stock",BE0974334667
ALBDM,"BD Multimedia SA",France,PA,EUR,"Common Stock",FR0000035305
ALBFR,"Sidetrade SA",France,PA,EUR,"Common Stock",FR0010202606
ALBI,"Gascogne SA",France,PA,EUR,"Common Stock",FR0000124414
ALBIO,"Biosynex SA",France,PA,EUR,"Common Stock",FR0011005933
ALBIZ,"Obiz Concept SAS",France,PA,EUR,"Common Stock",
ALBKK,"Baikowski SA",France,PA,EUR,"Common Stock",FR0013384369
ALBLD,"Bilendi SA",France,PA,EUR,"Common Stock",FR0004174233
ALBLU,"Bluelinea Société Anonyme",France,PA,EUR,"Common Stock",FR0011041011
ALBPS,"Biophytis SA",France,PA,EUR,"Common Stock",FR0012816825
ALBUD,"MINT Société anonyme",France,PA,EUR,"Common Stock",FR0004172450
ALCAR,"Carmat SA",France,PA,EUR,"Common Stock",FR0010907956
ALCES,"Cesar SA",France,PA,EUR,"Common Stock",FR0013297165
ALCG,"Cabasse Group",France,PA,EUR,"Common Stock",
ALCHI,"Alchimie S.A.S",France,PA,EUR,"Common Stock",
ALCJ,"Crossject Société Anonyme",France,PA,EUR,"Common Stock",FR0011716265
ALCLA,"Clasquin SA",France,PA,EUR,"Common Stock",FR0004152882
ALCLS,"Cellectis S.A",France,PA,EUR,"Common Stock",FR0010425595
ALCOF,"Cofidur S.A",France,PA,EUR,"Common Stock",FR0013257409
ALCOG,"Cogra 48 Société Anonyme",France,PA,EUR,"Common Stock",FR0011071570
ALCOI,"Coil S.A./N.V",France,PA,EUR,"Common Stock",BE0160342011
ALCOR,"Biocorp Production",France,PA,EUR,"Common Stock",FR0012788065
ALCRB,"Carbios SAS",France,PA,EUR,"Common Stock",FR0011648716
ALCUR,"Arcure S.A",France,PA,EUR,"Common Stock",FR0013398997
ALCYB,"Cybergun S.A",France,PA,EUR,"Common Stock",FR0013505583
ALD,"ALD S.A",France,PA,EUR,"Common Stock",FR0013258662
ALDAR,Damartex,France,PA,EUR,"Common Stock",FR0000185423
ALDBL,"Bernard Loiseau S.A",France,PA,EUR,"Common Stock",FR0000066961
ALDBT,"DBT SA",France,PA,EUR,"Common Stock",FR0013066750
ALDEI,"Deinove SA",France,PA,EUR,"Common Stock",FR0010879056
ALDEL,"Delfingen Industry S.A",France,PA,EUR,"Common Stock",FR0000054132
ALDEV,"Devernois S.A",France,PA,EUR,"Common Stock",FR0000060840
ALDLS,DLSI,France,PA,EUR,"Common Stock",FR0010404368
ALDNE,"Don't Nod Entertainment S.A",France,PA,EUR,"Common Stock",FR0013331212
ALDNX,"DNXCorp SE",France,PA,EUR,"Common Stock",FR0010436584
ALDOL,"Dietswell S.A",France,PA,EUR,"Common Stock",FR0004022754
ALDR,"Delta Drone SA",France,PA,EUR,"Common Stock",FR0011522168
ALDRV,"Drone Volt SA",France,PA,EUR,"Common Stock",FR0013088606
ALDUB,"Encres Dubuit",France,PA,EUR,"Common Stock",FR0004030708
ALDV,"Alliance Developpement Capital SIIC",France,PA,EUR,"Common Stock",BE0974269012
ALEAC,"EdiliziAcrobatica S.p.A",France,PA,EUR,"Common Stock",IT0005351504
ALECO,"écomiam SA",France,PA,EUR,"Common Stock",
ALECR,"Eurofins-Cerep SA",France,PA,EUR,"Common Stock",FR0013256518
ALEMG,"Euromedis Groupe",France,PA,EUR,"Common Stock",FR0000075343
ALEMV,"Emova Group SA",France,PA,EUR,"Common Stock",FR0013356755
ALENE,"Enertime SA",France,PA,EUR,"Common Stock",FR0011915339
ALENR,"Entreprendre S.A",France,PA,EUR,"Common Stock",
ALENT,"SA Entreparticuliers.com",France,PA,EUR,"Common Stock",FR0010424697
ALEO2,"Eo2 Société Anonyme",France,PA,EUR,"Common Stock",FR0010465534
ALERS,"Eurobio Scientific Société anonyme",France,PA,EUR,"Common Stock",FR0013240934
ALESA,"Ecoslops S.A",France,PA,EUR,"Common Stock",FR0011490648
ALESK,"Esker SA",France,PA,EUR,"Common Stock",FR0000035818
ALEUP,"Europlasma S.A",France,PA,EUR,"Common Stock",FR0013514114
ALFBA,"Fashion Bel Air S.A",France,PA,EUR,"Common Stock",FR0004034593
ALFIL,"Filae S.A",France,PA,EUR,"Common Stock",FR0010221069
ALFLE,"Fleury Michon SA",France,PA,EUR,"Common Stock",
ALFOC,"Focus Home Interactive Société anonyme",France,PA,EUR,"Common Stock",FR0012419307
ALFPC,"Fountaine Pajot SA",France,PA,EUR,"Common Stock",FR0010485268
ALFRE,"Freelance.com SA",France,PA,EUR,"Common Stock",FR0004187367
ALGAU,"Gaussin SA",France,PA,EUR,"Common Stock",FR0013495298
ALGBE,"Global Bioenergies SA",France,PA,EUR,"Common Stock",FR0011052257
ALGEM,"Eurogerm SA",France,PA,EUR,"Common Stock",FR0010452474
ALGEN,"genOway Société anonyme",France,PA,EUR,"Common Stock",FR0004053510
ALGEP,"Global EcoPower Société Anonyme",France,PA,EUR,"Common Stock",FR0011289198
ALGEV,"Gévelot SA",France,PA,EUR,"Common Stock",FR0000033888
ALGIL,"Groupe Guillin S.A",France,PA,EUR,"Common Stock",FR0012819381
ALGLD,"Gold By Gold SA",France,PA,EUR,"Common Stock",FR0011208693
ALHEO,"H2O Innovation Inc",France,PA,EUR,"Common Stock",CA4433003064
ALHGR,"Hoffmann Green Cement Technologies Société anonyme",France,PA,EUR,"Common Stock",
ALHIO,"Hiolle Industries S.A",France,PA,EUR,"Common Stock",FR0000077562
ALHIT,"HITECHPROS Société anonyme",France,PA,EUR,"Common Stock",FR0010396309
ALHRG,Herige,France,PA,EUR,"Common Stock",FR0000066540
ALHRS,"Hydrogen-Refueling-Solutions SA",France,PA,EUR,"Common Stock",
ALHYG,"Hybrigenics Société Anonyme",France,PA,EUR,"Common Stock",FR0004153930
ALI2S,"i2S SA",France,PA,EUR,"Common Stock",FR0005854700
ALICR,"I.CERAM SA",France,PA,EUR,"Common Stock",FR0011511971
ALIDS,"Idsud S.A",France,PA,EUR,"Common Stock",FR0000062184
ALIMO,"Groupimo S.A",France,PA,EUR,"Common Stock",FR0013297488
ALIMP,"Implanet S.A",France,PA,EUR,"Common Stock",FR0013470168
ALIMR,"Immersion SA",France,PA,EUR,"Common Stock",FR0013060100
ALINS,"Intrasense SA",France,PA,EUR,"Common Stock",FR0011179886
ALINT,"IntegraGen SA",France,PA,EUR,"Common Stock",FR0010908723
ALINV,"Invibes Advertising N.V",France,PA,EUR,"Common Stock",BE0974299316
ALITL,"IT Link SA",France,PA,EUR,"Common Stock",FR0000072597
ALJXR,"Archos S.A",France,PA,EUR,"Common Stock",
ALKAL,"Kalray S.A",France,PA,EUR,"Common Stock",FR0010722819
ALKEY,"Keyrus S.A",France,PA,EUR,"Common Stock",FR0004029411
ALKKO,"KKO International SA",France,PA,EUR,"Common Stock",FR0013374667
ALKLK,"Kerlink SA",France,PA,EUR,"Common Stock",FR0013156007
ALLAN,Lanson-BCC,France,PA,EUR,"Common Stock",
ALLDL,"Groupe LDLC société anonyme",France,PA,EUR,"Common Stock",FR0000075442
ALLEC,"Cogelec SA",France,PA,EUR,"Common Stock",
ALLEX,"Lexibook - Linguistic Electronic System Société anonyme",France,PA,EUR,"Common Stock",FR0000033599
ALLGO,"Largo SA",France,PA,EUR,"Common Stock",
ALLHB,"Les Hôtels Baverez S.A",France,PA,EUR,"Common Stock",FR0007080254
ALLIX,"WALLIX GROUP SA",France,PA,EUR,"Common Stock",FR0010131409
ALLLN,"LleidaNetworks Serveis Telemàtics, S.A",France,PA,EUR,"Common Stock",ES0105089009
ALLOG,"Logic Instrument S.A",France,PA,EUR,"Common Stock",FR0000044943
ALLUX,"Installux S.A",France,PA,EUR,"Common Stock",FR0000060451
ALM,"Alpha MOS SA",France,PA,EUR,"Common Stock",FR0000053837
ALMAK,"Makheia Group Société anonyme",France,PA,EUR,"Common Stock",FR0000072993
ALMAS,"Mastrad Société Anonyme",France,PA,EUR,"Common Stock",FR0004155687
ALMDG,"MGI Digital Technology Société Anonyme",France,PA,EUR,"Common Stock",FR0010353888
ALMDP,"Medesis Pharma S.A",France,PA,EUR,"Common Stock",
ALMDT,"Median Technologies SA",France,PA,EUR,"Common Stock",FR0011049824
ALMEC,"Mecelec Composites SA",France,PA,EUR,"Common Stock",FR0000061244
ALMER,"Sapmer SA",France,PA,EUR,"Common Stock",FR0010776617
ALMET,"Méthanor SCA",France,PA,EUR,"Common Stock",FR0011217710
ALMGI,"MG International",France,PA,EUR,"Common Stock",FR0010204453
ALMIB,"Amoéba S.A",France,PA,EUR,"Common Stock",FR0011051598
ALMII,"Maison Internationale de l'Informatique S.A.S",France,PA,EUR,"Common Stock",FR0013270626
ALMIL,1000mercis,France,PA,EUR,"Common Stock",FR0010285965
ALMLB,"Miliboo Société anonyme",France,PA,EUR,"Common Stock",FR0013053535
ALMND,"Montagne et Neige Développement SA",France,PA,EUR,"Common Stock",
ALMNG,"madvertise SA",France,PA,EUR,"Common Stock",FR0010812230
ALMOU,"Moulinvest SA",France,PA,EUR,"Common Stock",FR0011033083
ALMRB,"Mr. Bricolage SA",France,PA,EUR,"Common Stock",
ALMUN,"Munic S.A",France,PA,EUR,"Common Stock",
ALNEV,"Neovacs S.A",France,PA,EUR,"Common Stock",FR0004032746
ALNLF,"Neolife SA",France,PA,EUR,"Common Stock",FR0011636083
ALNOV,"Novacyt S.A",France,PA,EUR,"Common Stock",FR0010397232
ALNOX,"NOXXON Pharma N.V",France,PA,EUR,"Common Stock",NL0012044762
ALNRG,"Energisme S.A",France,PA,EUR,"Common Stock",
ALNSC,"NSC Groupe SA",France,PA,EUR,"Common Stock",FR0000064529
ALNSE,"NSE S.A",France,PA,EUR,"Common Stock",FR0004065639
ALNTG,"Netgem SA",France,PA,EUR,"Common Stock",
ALNXT,"Nextedia S.A",France,PA,EUR,"Common Stock",FR0004171346
ALO,"Alstom SA",France,PA,EUR,"Common Stock",FR0010220475
ALOBR,"Ober SA",France,PA,EUR,"Common Stock",FR0010330613
ALODI,"O2i Société Anonyme",France,PA,EUR,"Common Stock",FR0010231860
ALONC,"Oncodesign Société Anonyme",France,PA,EUR,"Common Stock",FR0011766229
ALORD,"Ordissimo SA",France,PA,EUR,"Common Stock",FR0013318052
ALOSM,"Osmozis SA",France,PA,EUR,"Common Stock",FR0013231180
ALP,ADLPartner,France,PA,EUR,"Common Stock",FR0000062978
ALPAR,"Groupe Parot SA",France,PA,EUR,"Common Stock",FR0013204070
ALPAT,"Plant Advanced Technologies SA",France,PA,EUR,"Common Stock",FR0010785790
ALPAU,"PAULIC Meunerie SA",France,PA,EUR,"Common Stock",FR0013479730
ALPCV,"Cerinnov Group SA",France,PA,EUR,"Common Stock",FR0013178712
ALPDX,"Piscines Desjoyaux SA",France,PA,EUR,"Common Stock",FR0000061608
ALPHA,"Pharnext SA",France,PA,EUR,"Common Stock",FR0011191287
ALPHS,"Pharmasimple SA",France,PA,EUR,"Common Stock",BE0974302342
ALPHY,"Alès Groupe S.A",France,PA,EUR,"Common Stock",FR0000054652
ALPIX,"Pixium Vision SA",France,PA,EUR,"Common Stock",FR0011950641
ALPJT,"Poujoulat SA",France,PA,EUR,"Common Stock",FR0000066441
ALPLA,"PlanetMedia SA",France,PA,EUR,"Common Stock",FR0010211037
ALPOU,"Poulaillon SA",France,PA,EUR,"Common Stock",FR0013015583
ALPRE,"Predilife S.A",France,PA,EUR,"Common Stock",FR0010169920
ALPRI,"Prismaflex International, S.A",France,PA,EUR,"Common Stock",FR0004044600
ALPRO,Prodware,France,PA,EUR,"Common Stock",FR0010313486
ALQGC,"Quantum Genomics Société Anonyme",France,PA,EUR,"Common Stock",FR0011648971
ALQWA,Qwamplify,France,PA,EUR,"Common Stock",FR0010889386
ALREA,Réalités,France,PA,EUR,"Common Stock",FR0011858190
ALREW,"Reworld Media Société Anonyme",France,PA,EUR,"Common Stock",FR0010820274
ALRIB,"Riber S.A",France,PA,EUR,"Common Stock",
ALROC,"RocTool S.A",France,PA,EUR,"Common Stock",FR0010523167
ALSAF,"Safe Orthopaedics SA",France,PA,EUR,"Common Stock",FR0013467123
ALSAS,"Stradim Espace Finances SA",France,PA,EUR,"Common Stock",FR0000074775
ALSEN,"Sensorion SA",France,PA,EUR,"Common Stock",FR0012596468
ALSER,"Serma Group Société anonyme",France,PA,EUR,"Common Stock",FR0000073728
ALSGD,"SpineGuard SA",France,PA,EUR,"Common Stock",FR0011464452
ALSIP,"SI Participations S.C.A, SCR",France,PA,EUR,"Common Stock",FR0000061582
ALSPW,"Spineway Société Anonyme",France,PA,EUR,"Common Stock",FR0011398874
ALSTW,"Streamwide S.A",France,PA,EUR,"Common Stock",FR0010528059
ALTA,"Altarea SCA",France,PA,EUR,"Common Stock",FR0000033219
ALTAN,"Le Tanneur & Cie Société anonyme",France,PA,EUR,"Common Stock",
ALTBG,"The Blockchain Group",France,PA,EUR,"Common Stock",FR0011053636
ALTER,"Theradiag SA",France,PA,EUR,"Common Stock",FR0004197747
ALTEV,"Envea Société Anonyme",France,PA,EUR,"Common Stock",FR0010278762
ALTHE,"Theraclion SA",France,PA,EUR,"Common Stock",FR0004197747
ALTHX,"Theranexus Société Anonyme",France,PA,EUR,"Common Stock",FR0013286259
ALTIV,"Tivoly S.A",France,PA,EUR,"Common Stock",
ALTRI,"Trilogiq S.A",France,PA,EUR,"Common Stock",FR0010397901
ALTRO,"Tronic's Microsystems SA",France,PA,EUR,"Common Stock",FR0004175099
ALTTI,"Travel Technology Interactive",France,PA,EUR,"Common Stock",FR0010383877
ALTUR,"Altur Investissement SCA, SCR",France,PA,EUR,"Common Stock",FR0010395681
ALTUV,"BIO-UV Group S.A",France,PA,EUR,"Common Stock",FR0013345493
ALTVO,"Evolis SA",France,PA,EUR,"Common Stock",FR0004166197
ALTXC,"TXCOM Société Anonyme",France,PA,EUR,"Common Stock",FR0010654087
ALU10,"U10 Corp",France,PA,EUR,"Common Stock",FR0000079147
ALUCI,"Lucibel SA",France,PA,EUR,"Common Stock",FR0011884378
ALUCR,"Ucar SA",France,PA,EUR,"Common Stock",FR0011070457
ALUMS,"Umanis SA",France,PA,EUR,"Common Stock",FR0013263878
ALUPG,"UPERGY Société Anonyme",France,PA,EUR,"Common Stock",FR0010337865
ALUVI,"UV Germi SA",France,PA,EUR,"Common Stock",FR0011898584
ALVAL,"Valbiotis SA",France,PA,EUR,"Common Stock",FR0013254851
ALVDM,"Voyageurs du Monde SA",France,PA,EUR,"Common Stock",FR0004045847
ALVER,"Vergnet SA",France,PA,EUR,"Common Stock",FR0004155240
ALVGO,"Vogo S.A",France,PA,EUR,"Common Stock",FR0011532225
ALVIV,"Visiativ SA",France,PA,EUR,"Common Stock",FR0004029478
ALVMG,"Visiomed Group SA",France,PA,EUR,"Common Stock",FR0013481835
ALVTX,"Voluntis S.A",France,PA,EUR,"Common Stock",FR0004183960
ALVU,"Vente-Unique.com SA",France,PA,EUR,"Common Stock",FR0010766667
ALWEC,"We.Connect SA",France,PA,EUR,"Common Stock",FR0013079092
ALWED,"Wedia SA",France,PA,EUR,"Common Stock",FR0010688440
ALWF,"WINFARM Société anonyme",France,PA,EUR,"Common Stock",
ALWIT,"Witbe S.A",France,PA,EUR,"Common Stock",FR0013143872
AM,"Dassault Aviation SA",France,PA,EUR,"Common Stock",FR0000121725
AM3A,"Amundi Index Solutions - Amundi Govt Bond Highest Rated Euromts Investment Grade Ucits ETF EUR C",France,PA,EUR,ETF,LU1681046691
AMPLI,"Amplitude Surgical SA",France,PA,EUR,"Common Stock",FR0012789667
AMUN,"Amundi SA",France,PA,EUR,"Common Stock",FR0004125920
ANRJ,"Amundi ETF MSCI Europe Energy UCITS ETF",France,PA,EUR,ETF,FR0010930644
ANX,"Amundi Index Solutions - Amundi Nasdaq-100 ETF-C EUR",France,PA,EUR,ETF,LU1681038243
ANXU,"Amundi Index Solutions - Amundi Nasdaq-100 ETF-C USD",France,PA,USD,ETF,LU1681038326
APX,"Lyxor MSCI AC Asia Ex Japan UCITS ETF - Acc-EUR",France,PA,EUR,ETF,LU1900068161
AREIT,"Altareit SCA",France,PA,EUR,"Common Stock",FR0000039216
ARG,"Argan SA",France,PA,EUR,"Common Stock",FR0010481960
ARTE,"Artea SA",France,PA,EUR,"Common Stock",FR0012185536
ARTO,"La Société Industrielle et Financière de l'Artois",France,PA,EUR,"Common Stock",FR0000076952
ASI,"Lyxor China Enterprise (HSCEI) UCITS ETF - Acc-EUR",France,PA,EUR,ETF,LU1900068914
ASP,"AST Groupe",France,PA,EUR,"Common Stock",FR0000076887
ASY,"Assystem S.A",France,PA,EUR,"Common Stock",FR0000074148
ATA,"Atari SA",France,PA,EUR,"Common Stock",FR0010478248
ATE,"Alten S.A",France,PA,EUR,"Common Stock",FR0000071946
ATEME,"ATEME SA",France,PA,EUR,"Common Stock",FR0011992700
ATI,"ACTIA Group S.A",France,PA,EUR,"Common Stock",FR0000076655
ATO,"Atos SE",France,PA,EUR,"Common Stock",FR0000051732
AU2,"Lyxor Australia (S&P/ASX 200) UCITS ETF - D-EUR",France,PA,EUR,ETF,LU0496786905
AUB,"Aubay Société Anonyme",France,PA,EUR,"Common Stock",FR0000063737
AUEM,"Amundi Index Solutions - Amundi MSCI Emerging Markets UCITS ETF-C USD",France,PA,USD,ETF,LU1681045453
AUGR,"Augros Cosmetic Packaging SA",France,PA,EUR,"Common Stock",FR0000061780
AURE,"Aurea SA",France,PA,EUR,"Common Stock",FR0000039232
AURS,"AURES Technologies S.A",France,PA,EUR,"Common Stock",FR0013183589
AUT,"Lyxor Index Fund - Lyxor STOXX Europe 600 Automobiles & Parts UCITS ETF Acc",France,PA,EUR,ETF,LU1834983394
AVT,"Avenir Telecom S.A",France,PA,EUR,"Common Stock",FR0000066052
AWAT,"Lyxor PEA Eau (World Water) UCITS ETF Capi",France,PA,EUR,ETF,FR0011882364
AXW,"Axway Software SA",France,PA,EUR,"Common Stock",FR0011040500
BAIN,"Société Anonyme des Bains de Mer et du Cercle des Étrangers à Monaco",France,PA,EUR,"Common Stock",MC0000031187
BALYO,"Balyo SA",France,PA,EUR,"Common Stock",FR0013258399
BASS,"BASSAC Société anonyme",France,PA,EUR,"Common Stock",FR0004023208
BB,"Société BIC SA",France,PA,EUR,"Common Stock",FR0000120966
BCRA,"Baccarat S.A",France,PA,EUR,"Common Stock",FR0000064123
BEN,"Bénéteau S.A",France,PA,EUR,"Common Stock",FR0000035164
BERR,"Financiere et Immobiliere de l'Etang de Berre et de la Mediterranee Société anonyme",France,PA,EUR,"Common Stock",FR0000062341
BIG,"BigBen Interactive",France,PA,EUR,"Common Stock",FR0000074072
BIM,"bioMérieux S.A",France,PA,EUR,"Common Stock",FR0013280286
BLC,"Bastide Le Confort Médical SA",France,PA,EUR,"Common Stock",FR0000035370
BN,"Danone S.A",France,PA,EUR,"Common Stock",FR0000120644
BNK,"Lyxor Index Fund - Lyxor Stoxx Europe 600 Banks UCITS ETF Acc",France,PA,EUR,ETF,FR0010345371
BNKE,"Lyxor EURO STOXX Banks UCITS ETF P Acc",France,PA,EUR,ETF,LU1829219390
BNP,"BNP Paribas SA",France,PA,EUR,"Common Stock",FR0000131104
BOI,"Boiron SA",France,PA,EUR,"Common Stock",FR0000061129
BOL,"Bolloré SE",France,PA,EUR,"Common Stock",FR0000039299
BON,"Bonduelle SCA",France,PA,EUR,"Common Stock",FR0000063935
BOOST,"Boostheat SA",France,PA,EUR,"Common Stock",
BRE,"Lyxor Index Fund - Lyxor Stoxx Europe 600 Basic Resources UCITS ETF Acc",France,PA,EUR,ETF,FR0010345389
BRZ,"Amundi Index Solutions - Amundi ETF MSCI Brazil UCITS ETF",France,PA,USD,ETF,LU1437024992
BSD,"Bourse Direct SA",France,PA,EUR,"Common Stock",FR0000074254
BSX,"Lyxor Euro Stoxx 50 Daily (-1x) Inverse UCITS ETF Acc",France,PA,EUR,ETF,FR0010424135
BTPL,"Lyxor BTP Daily (2x) Leveraged UCITS ETF Acc",France,PA,EUR,ETF,FR0011023639
BTPS,"Lyxor BTP Daily (-2x) Inverse UCITS ETF Acc",France,PA,EUR,ETF,FR0011023621
BUI,"Barbara Bui SA",France,PA,EUR,"Common Stock",FR0000062788
BUR,"Burelle SA",France,PA,EUR,"Common Stock",FR0000061137
BUYB,"Invesco Global Buyback Achievers UCITS ETF",France,PA,EUR,ETF,IE00BLSNMW37
BVI,"Bureau Veritas SA",France,PA,EUR,"Common Stock",FR0006174348
BX4,"Lyxor CAC 40 Daily (-2x) Inverse UCITS ETF Acc",France,PA,EUR,ETF,FR0010411884
BXX,"Lyxor Euro Stoxx 50 Daily (-2x) Inverse UCITS ETF Acc",France,PA,EUR,ETF,FR0010424143
BYBE,"Amundi Index Solutions - Amundi S&P 500 Buyback ETF-C EUR",France,PA,EUR,ETF,LU1681048127
BYBU,"Amundi Index Solutions - Amundi S&P 500 Buyback ETF-C USD",France,PA,USD,ETF,LU1681048556
C10,"Amundi ETF Govt Bond EuroMTS Broad Investment Grade 10-15 UCITS ETF",France,PA,EUR,ETF,FR0010754143
C13,"Amundi ETF Govt Bond EuroMTS Broad Investment Grade 1-3 UCITS ETF DR",France,PA,EUR,ETF,FR0010754135
C1U,"Amundi MSCI UK IMI SRI UCITS ETF DR - EUR",France,PA,EUR,ETF,LU1437025023
C2U,"Amundi ETF Short MSCI USA Daily UCITS ETF",France,PA,EUR,ETF,FR0010791194
C33,"Amundi ETF Govt Bond EuroMTS Broad Investment Grade 3-5 UCITS ETF DR",France,PA,EUR,ETF,FR0010754168
C3M,"Amundi ETF Govies 0-6 Months EuroMTS Investment Grade UCITS ETF DR",France,PA,EUR,ETF,FR0010754200
C40,"Amundi Index Solutions - Amundi CAC 40 UCITS ETF-C",France,PA,EUR,ETF,LU1681046931
C4D,"Amundi Index Solutions - Amundi CAC 40 UCITS ETF-D",France,PA,EUR,ETF,FR0010878033
C4S,"Amundi ETF Short CAC 40 Daily UCITS ETF",France,PA,EUR,ETF,FR0010717124
C50,"Amundi Index Solutions - Amundi EURO STOXX 50 UCITS ETF-C EUR",France,PA,EUR,ETF,LU1681047236
C53,"Amundi ETF Govt Bond EuroMTS Broad Investment Grade 5-7 UCITS ETF DR C",France,PA,EUR,ETF,FR0010754176
C5E,"Amundi ETF Stoxx Europe 50 UCITS ETF",France,PA,EUR,ETF,FR0010790980
C5S,"Amundi ETF Short Euro Stoxx 50 Daily UCITS ETF",France,PA,EUR,ETF,FR0010757781
C6E,"Amundi Index Solutions - Amundi STOXX Europe 600 ETF-C EUR",France,PA,EUR,ETF,LU1681040223
C73,"Amundi ETF Govt Bond EuroMTS Broad Investment Grade 7-10 UCITS ETF DR",France,PA,EUR,ETF,FR0010754184
CA,"Carrefour SA",France,PA,EUR,"Common Stock",FR0000120172
CAC,"Lyxor CAC 40 (DR) UCITS ETF Dist",France,PA,EUR,ETF,FR0007052782
CACC,"Lyxor CAC 40 (DR) UCITS ETF Acc",France,PA,EUR,ETF,FR0013380607
CACM,"Lyxor CAC Mid 60 (DR) UCITS ETF Dist",France,PA,EUR,ETF,FR0011041334
CAF,"Caisse Régionale de Crédit Agricole Mutuel de Paris et d'Ile-de-France",France,PA,EUR,"Common Stock",FR0000045528
CAFO,"Centrale d'Achat Française pour l'Outre-Mer Société Anonyme",France,PA,EUR,"Common Stock",FR0010151589
CAP,"Capgemini SE",France,PA,EUR,"Common Stock",FR0000125338
CAPE,"Ossiam Shiller Barclays Cape Europe Sector Value TR UCITS ETF 1C EUR Acc",France,PA,EUR,ETF,LU1079842321
CAPLI,"Groupe Capelli",France,PA,EUR,"Common Stock",FR0012969095
CARM,"Carmila S.A",France,PA,EUR,"Common Stock",FR0010828137
CAS,"Cast SA",France,PA,EUR,"Common Stock",FR0000072894
CAT31,"Caisse Regionale de Credit Agricole Mutuel Toulouse 31",France,PA,EUR,"Common Stock",FR0000045544
CATG,"SA Catana Group",France,PA,EUR,"Common Stock",FR0010193052
CATR,"Caterpillar Inc",France,PA,EUR,"Common Stock",US1491231015
CB3,"Amundi Index Solutions - Amundi Govt Bond Euromts Broad Investment Grade UCITS ETF-C",France,PA,EUR,ETF,LU1681046261
CB5,"Amundi ETF MSCI Europe Banks UCITS ETF",France,PA,EUR,ETF,FR0010688176
CBBB,"Amundi Index Solutions - Amundi BBB EURO Corporate Investment Grade UCITS ETF-C",France,PA,EUR,ETF,LU1681041387
CBDG,"Compagnie du Cambodge",France,PA,EUR,"Common Stock",FR0000079659
CBE,"Robertet SA",France,PA,EUR,"Common Stock",
CBOT,"CBo Territoria Société Anonyme",France,PA,EUR,"Common Stock",FR0010193979
CBSM,"Société Centrale des Bois et des Scieries de la Manche S.A",France,PA,EUR,"Common Stock",FR0006239109
CC1,"Amundi Index Solutions - Amundi MSCI China UCITS ETF-C EUR",France,PA,EUR,ETF,LU1681043912
CC1U,"Amundi Index Solutions - Amundi MSCI China UCITS ETF-C USD",France,PA,USD,ETF,LU1681044050
CC4,"Amundi Index Solutions - Amundi EURO Corporates Ucits ETF EUR C",France,PA,EUR,ETF,FR0010754119
CCN,"Caisse Régionale de Crédit Agricole Mutuel de Normandie-Seine Société coopérative",France,PA,EUR,"Common Stock",FR0000044364
CD5,"Amundi Index Solutions - Amundi EURO STOXX 50 UCITS ETF-D EUR",France,PA,EUR,ETF,FR0010908251
CD8,"Amundi ETF MSCI EMU High Dividend UCITS ETF",France,PA,EUR,ETF,FR0010717090
CD9,"Amundi Index Solutions - Amundi MSCI Europe High Dividend Factor UCITS ETF-C",France,PA,EUR,ETF,LU1681041973
CDA,"Compagnie des Alpes SA",France,PA,EUR,"Common Stock",FR0000053324
CDI,"Christian Dior SE",France,PA,EUR,"Common Stock",FR0000130403
CE8,"Amundi Index Solutions - Amundi MSCI World Ex Europe ETF-C EUR",France,PA,EUR,ETF,LU1681045537
CE9,"Amundi Index Solutions - Amundi MSCI Eastern Europe Ex Russia UCITS ETF-C EUR",France,PA,EUR,ETF,LU1681043755
CE9U,"Amundi Index Solutions - Amundi MSCI Eastern Europe Ex Russia UCITS ETF-C USD",France,PA,USD,ETF,LU1681043839
CEC,"Lyxor MSCI Eastern Europe ex Russia UCITS ETF Acc",France,PA,EUR,ETF,FR0010204073
CEM,"Amundi Index Solutions - Amundi MSCI Europe Low Size Factor UCITS ETF-C",France,PA,EUR,ETF,FR0010612218
CEN,"Groupe CRIT SA",France,PA,EUR,"Common Stock",FR0000036675
CEU,"Amundi Index Solutions - Amundi MSCI Europe UCITS ETF C EUR",France,PA,EUR,ETF,FR0010655696
CEU2,"Amundi Index Solutions - Amundi Index MSCI Europe UCITS ETF DR",France,PA,EUR,ETF,LU1437015735
CF1,"Amundi ETF MSCI France UCITS ETF",France,PA,EUR,ETF,FR0010655704
CFI,"CFI-Compagnie Foncière Internationale",France,PA,EUR,"Common Stock",FR0000037475
CG1,"Amundi ETF DAX UCITS ETF DR",France,PA,EUR,ETF,FR0010655712
CG9,"Amundi Index Solutions - Amundi MSCI Europe Growth UCITS ETF-C EUR",France,PA,EUR,ETF,LU1681042435
CGG,CGG,France,PA,EUR,"Common Stock",FR0013181864
CGM,"Cegedim SA",France,PA,EUR,"Common Stock",FR0000053506
CGR,CeGeREAL,France,PA,EUR,"Common Stock",FR0010309096
CH5,"Amundi ETF MSCI Europe Healthcare UCITS ETF",France,PA,EUR,ETF,FR0010688192
CHM,"Lyxor Index Fund - Lyxor STOXX Europe 600 Chemicals UCITS ETF Acc",France,PA,EUR,ETF,LU1834983634
CI2,"Amundi Index Solutions - Amundi MSCI India UCITS ETF-C EUR",France,PA,EUR,ETF,LU1681043086
CI2U,"Amundi Index Solutions - Amundi MSCI India UCITS ETF-C USD",France,PA,USD,ETF,LU1681043169
CI3,"Amundi ETF Euro Inflation UCITS ETF DR",France,PA,EUR,ETF,FR0010754127
CIB,"Cibox Inter@ctive",France,PA,EUR,"Common Stock",FR0000054322
CIV,"Caisse régionale de Crédit Agricole Mutuel d'Ille-et-Vilaine Société coopérative",France,PA,EUR,"Common Stock",FR0000045213
CJ1,"Amundi Index Solutions - Amundi Index MSCI Japan ETF-C EUR",France,PA,EUR,ETF,LU1602144732
CJ1Y,"Amundi Index Solutions - Amundi Index MSCI Japan ETF-C USD",France,PA,JPY,ETF,LU1602144815
CL2,"Amundi ETF Leveraged MSCI USA Daily UCITS ETF",France,PA,EUR,ETF,FR0010755611
CLA,"Claranova SE",France,PA,EUR,"Common Stock",FR0004026714
CLEM,"Lyxor Msci Em Climate Change Ucits ETF USD Acc",France,PA,EUR,ETF,LU2056738144
CLIM,"Lyxor Green Bond (DR) UCITS ETF - C-EUR",France,PA,EUR,ETF,LU1563454310
CLWD,"Lyxor Msci World Climate Change (Dr) Ucits ETF USD Acc",France,PA,EUR,ETF,
CM9,"Amundi ETF MSCI World ex EMU UCITS ETF",France,PA,EUR,ETF,FR0010756114
CMO,"Caisse Régionale de Crédit Agricole du Morbihan",France,PA,EUR,"Common Stock",FR0000045551
CMU,"Amundi MSCI EMU ESG Leaders Select UCITS ETF DR EUR (C)",France,PA,EUR,ETF,LU1602144575
CN1,"Amundi Index Solutions - Amundi MSCI Nordic UCITS ETF-C",France,PA,EUR,ETF,FR0010655738
CNAA,"Lyxor Hwabao WP MSCI China A (DR) UCITS ETF Acc",France,PA,EUR,ETF,FR0011720911
CNB,"Lyxor ESG Euro Corporate Bond Ex Financials (DR) UCITS ETF P Acc",France,PA,EUR,ETF,LU1829218822
CNF,"Caisse Régionale de Crédit Agricole Mutuel Nord de France Société coopérative",France,PA,EUR,"Common Stock",FR0000185514
CNP,"CNP Assurances SA",France,PA,EUR,"Common Stock",FR0000120222
CNV,"Cnova N.V",France,PA,EUR,"Common Stock",NL0010949392
CNY,"HSBC MSCI China UCITS ETF",France,PA,EUR,ETF,IE00B44T3H88
CO,"Casino, Guichard-Perrachon Société Anonyme",France,PA,EUR,"Common Stock",FR0000072894
CODW,"Lyxor MSCI World Consumer Discretionary TR UCITS ETF - C-EUR",France,PA,EUR,ETF,LU0533032008
COFA,"COFACE SA",France,PA,EUR,"Common Stock",FR0010667147
COH,"Coheris SA",France,PA,EUR,"Common Stock",FR0004031763
COM,"CNIM Groupe SA",France,PA,EUR,"Common Stock",FR0000053399
COSW,"Lyxor MSCI World Consumer Staples TR UCITS ETF - C-EUR",France,PA,EUR,ETF,LU0533032263
COUK,"Lyxor iBoxx GBP Liquid Corporates Long Dated UCITS ETF - D-GBP",France,PA,EUR,ETF,LU1407891602
COUR,"Courtois S.A",France,PA,EUR,"Common Stock",FR0000065393
COV,Covivio,France,PA,EUR,"Common Stock",FR0000064578
COVH,"Covivio Hotels",France,PA,EUR,"Common Stock",FR0000060303
COX,"Nicox S.A",France,PA,EUR,"Common Stock",FR0013018124
CP9,"Amundi Index MSCI Pacific ex Japan SRI - UCITS ETF DR - EUR (C)",France,PA,EUR,ETF,LU1602144906
CP9U,"Amundi Index MSCI Pacific ex Japan SRI - UCITS ETF DR - USD (C)",France,PA,USD,ETF,FR0010871137
CRAP,"Caisse Régionale de Crédit Agricole Mutuel Alpes Provence Société coopérative",France,PA,EUR,"Common Stock",FR0000044323
CRAV,"Caisse régionale de Crédit Agricole Mutuel Atlantique Vendée",France,PA,EUR,"Common Stock",FR0000185506
CRB,"Lyxor Commodities Refinitiv/CoreCommodity CRB TR UCITS ETF - Acc-EUR",France,PA,EUR,ETF,LU1829218749
CRBP2,"Caisse Régionale de Crédit Agricole Mutuel Brie Picardie Société coopérative",France,PA,EUR,"Common Stock",FR0010483768
CRI,"Chargeurs SA",France,PA,EUR,"Common Stock",FR0000130692
CRLA,"Caisse Régionale de Crédit Agricole Mutuel du Languedoc Société coopérative",France,PA,EUR,"Common Stock",FR0010461053
CRLO,"Caisse régionale de Crédit Agricole Mutuel Loire Haute-Loire - Société coopérative",France,PA,EUR,"Common Stock",FR0000045239
CRN,"Lyxor Commodities Refinitiv/CoreCommodity CRB Ex-Energy TR UCITS ETF - Acc-EUR",France,PA,EUR,ETF,FR0010346205
CROS,"Crosswood SA",France,PA,EUR,"Common Stock",FR0000050395
CRP,"Lyxor ESG Euro Corporate Bond UCITS ETF - Acc",France,PA,EUR,ETF,LU1829219127
CRSU,"Caisse Régionale de Crédit Agricole Mutuel Sud Rhône Alpes",France,PA,EUR,"Common Stock",FR0000045346
CRTO,"Caisse Régionale de Crédit Agricole Mutuel de La Touraine et du Poitou Société Coopérative",France,PA,EUR,"Common Stock",FR0000045304
CRWE,"Ossiam Risk Weighted Enhanced Commodity Ex Grains TR UCITS ETF 1C(EUR)",France,PA,EUR,ETF,LU0876440578
CS,"AXA SA",France,PA,EUR,"Common Stock",FR0000120628
CS1,"Amundi ETF MSCI Spain UCITS ETF",France,PA,EUR,ETF,FR0010655746
CS9,"Amundi Index Solutions - Amundi MSCI Europe Ex Switzerland UCITS ETF-C EUR",France,PA,EUR,ETF,LU1681044308
CSH,"Lyxor Euro Overnight Return UCITS ETF Acc",France,PA,EUR,ETF,FR0010510800
CSH2,"Lyxor Smart Cash - UCITS ETF C-EUR",France,PA,EUR,ETF,LU1190417599
CST,"Lyxor Index Fund - Lyxor STOXX Europe 600 Construction & Materials UCITS ETF Acc",France,PA,EUR,ETF,FR0010345504
CSW,"Amundi Index Solutions - Amundi MSCI Switzerland UCITS ETF-C EUR",France,PA,EUR,ETF,FR0010655753
CSWC,"Amundi Index Solutions - Amundi MSCI Switzerland UCITS ETF-C CHF",France,PA,CHF,ETF,FR0010871145
CTRG,"Catering International & Services Société Anonyme",France,PA,EUR,"Common Stock",FR0000064446
CU1,"Amundi ETF MSCI UK UCITS ETF",France,PA,EUR,ETF,FR0010655761
CU2,"Amundi Index Solutions - Amundi MSCI USA UCITS ETF-C EUR",France,PA,EUR,ETF,LU1681042864
CU2U,"Amundi Index Solutions - Amundi MSCI USA UCITS ETF-C USD",France,PA,USD,ETF,LU1681042948
CU9,"Amundi ETF MSCI Europe ex EMU UCITS ETF",France,PA,EUR,ETF,FR0010821819
CV9,"Amundi Index Solutions - Amundi MSCI Europe Value Factor UCITS ETF-C",France,PA,EUR,ETF,LU1681042518
CW8,"Amundi Index Solutions - Amundi MSCI World UCITS ETF C EUR",France,PA,EUR,ETF,LU1681043599
CW8U,"Amundi Index Solutions - Amundi MSCI World UCITS ETF C USD",France,PA,USD,ETF,LU1681043672
CWE,"Amundi Index Solutions - Amundi MSCI World Energy UCITS ETF-C EUR",France,PA,EUR,ETF,LU1681046006
CWEU,"Amundi Index Solutions - Amundi MSCI World Energy UCITS ETF-C USD",France,PA,USD,ETF,FR0010871178
CWF,"Amundi Index Solutions - Amundi MSCI World Financials ETF-C EUR",France,PA,EUR,ETF,FR0010791152
CWFU,"Amundi Index Solutions - Amundi MSCI World Financials ETF-C USD",France,PA,USD,ETF,LU1681045966
DAX,"MULTI-UNITS LUXEMBOURG - Lyxor DAX (DR) UCITS ETF - Acc",France,PA,EUR,ETF,LU0252633754
DBG,"Derichebourg SA",France,PA,EUR,"Common Stock",FR0000053381
DBV,"DBV Technologies S.A",France,PA,EUR,"Common Stock",FR0010417345
DEC,"JCDecaux SA",France,PA,EUR,"Common Stock",FR0000077919
DG,"VINCI SA",France,PA,EUR,"Common Stock",FR0000125486
DGE,"Diageo plc",France,PA,EUR,"Common Stock",GB0002374006
DGM,"Diagnostic Medical Systems S.A",France,PA,EUR,"Common Stock",FR0012202497
DIM,"Sartorius Stedim Biotech S.A",France,PA,EUR,"Common Stock",FR0013154002
DJE,"Lyxor Dow Jones Industrial Average UCITS ETF Dist",France,PA,EUR,ETF,FR0007056841
DLB,"Lyxor Bund Daily (2x) Leveraged UCITS ETF Acc",France,PA,EUR,ETF,FR0011023654
DLTA,"Delta Plus Group",France,PA,EUR,"Common Stock",FR0013283108
DPAM,"Les Docks des Pétroles d'Ambès -SA",France,PA,EUR,"Common Stock",FR0000065260
DPT,"S.T. Dupont S.A",France,PA,EUR,"Common Stock",FR0000054199
DSB,"Lyxor Bund Daily (-2x) Inverse UCITS ETF Acc",France,PA,EUR,ETF,FR0010869578
DSD,"Lyxor Daily ShortDAX x2 UCITS ETF Acc",France,PA,EUR,ETF,FR0010869495
DSY,"Dassault Systèmes SE",France,PA,EUR,"Common Stock",FR0000130650
DVT,"Devoteam SA",France,PA,EUR,"Common Stock",FR0000073793
E40,"BNP Paribas Easy CAC 40 UCITS ETF",France,PA,EUR,ETF,FR0010150458
EAGG,"SPDR Bloomberg Barclays Euro Aggregate Bond UCITS ETF",France,PA,EUR,ETF,IE00B41RYL63
EBBB,"Amundi Index Solutions - Amundi Index Barclays Euro Corp BBB 1-5 UCITS ETF DR",France,PA,EUR,ETF,LU1525418643
EC,"Total Gabon",France,PA,EUR,"Common Stock",GA0000121459
ECB,"Lyxor Index Fund - Lyxor EuroMTS Covered Bond Aggregate UCITS ETF Acc",France,PA,EUR,ETF,LU1686830065
ECN,"BNP Paribas Easy Low Carbon 100 Europe PAB UCITS ETF",France,PA,EUR,ETF,LU1377382368
ECP,EuropaCorp,France,PA,EUR,"Common Stock",GA0000121459
ECRP,"Amundi Index Solutions - Amundi Index Euro AGG Corporate SRI UCITS ETF DR",France,PA,EUR,ETF,LU1437018168
EDEN,"Edenred SA",France,PA,EUR,"Common Stock",FR0010908533
EDEU,"BNP Paribas Easy Equity Dividend Europe UCITS ETF Capitalisation",France,PA,EUR,ETF,LU1615090864
EDF,"Electricité de France S.A",France,PA,EUR,"Common Stock",FR0010242511
EDI,"Media 6 SA",France,PA,EUR,"Common Stock",FR0000064404
EEA,"BNP Paribas Easy FTSE EPRA/NAREIT Eurozone Capped UCITS ETF Cap",France,PA,EUR,ETF,LU0950381748
EEE,"BNP Paribas Easy FTSE EPRA/NAREIT Eurozone Capped UCITS ETF QD Dis",France,PA,EUR,ETF,LU0192223062
EEMK,"BNP Paribas Easy MSCI Emerging Markets ex CW UCITS ETF EUR Cap",France,PA,EUR,ETF,LU1291097779
EEMU,"BNP Paribas Easy MSCI EMU ex CW UCITS ETF Cap",France,PA,EUR,ETF,LU1291098827
EEP,"BNP Paribas Easy FTSE EPRA/NAREIT Developed Europe UCITS ETF QD EUR",France,PA,EUR,ETF,LU1291091228
EESM,"BNP Paribas Easy MSCI Europe Small Caps SRI S-Series 5% Capped UCITS ETF Capitalisation",France,PA,EUR,ETF,LU1291101555
EEUE,"BNP Paribas Easy MSCI Europe ex CW UCITS ETF Cap",France,PA,EUR,ETF,LU1291099718
EEXU,"BNP Paribas Easy MSCI Europe ex UK ex CW UCITS ETF Cap",France,PA,EUR,ETF,LU1291100664
EFI,"Eurasia Fonciere Investissements Société Anonyme",France,PA,EUR,"Common Stock",FR0000061475
EGOV,"Amundi Index Solutions - Amundi Index JP Morgan EMU Govies 1-10 UCITS ETF DR",France,PA,EUR,ETF,LU1437018598
EIFF,"Société de la Tour Eiffel",France,PA,EUR,"Common Stock",FR0000036816
EISR,"BNP Paribas Easy MSCI Emerging SRI S-Series 5% Capped UCITS ETF EUR Distribution",France,PA,EUR,ETF,LU1659681313
EJAH,"BNP Paribas Easy MSCI Japan ex CW UCITS ETF H EUR Cap",France,PA,EUR,ETF,LU1481203070
EJAP,"BNP Paribas Easy MSCI Japan ex CW UCITS ETF Cap",France,PA,EUR,ETF,LU1291102447
EKI,"EKINOPS S.A",France,PA,EUR,"Common Stock",FR0011466069
EKLD,"BNP Paribas Easy MSCI USA SRI S-Series 5% Capped UCITS ETF Capitalisation",France,PA,USD,ETF,LU1291103338
EKUS,"BNP Paribas Easy - MSCI USA SRI S-Series 5% Capped",France,PA,EUR,ETF,LU1659681669
EL,"EssilorLuxottica Société anonyme",France,PA,EUR,"Common Stock",FR0000121667
ELEC,"Électricite de Strasbourg Société Anonyme",France,PA,EUR,"Common Stock",FR0000031023
ELIOR,"Elior Group SA",France,PA,EUR,"Common Stock",FR0011950732
ELIS,"Elis SA",France,PA,EUR,"Common Stock",FR0012435121
ELOW,"SPDR EURO STOXX Low Volatility UCITS ETF",France,PA,EUR,ETF,IE00BFTWP510
EMAE,"SPDR MSCI EM Asia UCITS ETF",France,PA,EUR,ETF,IE00B466KX20
EMEH,"BNP Paribas Easy Energy & Metals Enhanced Roll UCITS ETF RH EUR Cap",France,PA,EUR,ETF,LU1547516291
EMHD,"Invesco FTSE Emerging Markets High Dividend Low Volatility UCITS ETF",France,PA,EUR,ETF,IE00BYYXBF44
EMIS,"BNP Paribas Easy MSCI Emerging SRI S-Series 5% Capped UCITS ETF EUR Capitalisation",France,PA,EUR,ETF,LU1659681230
EMLD,"SPDR Bloomberg Barclays Emerging Markets Local Bond UCITS ETF (Dist)",France,PA,EUR,ETF,IE00B4613386
EMMV,"Ossiam Lux - Ossiam Emerging Markets Minimum Variance NR",France,PA,EUR,ETF,LU0705291903
EMOM,"BNP Paribas Easy Equity Momentum Europe UCITS ETF Cap",France,PA,EUR,ETF,LU1377382012
EMRG,"SPDR MSCI Emerging Markets UCITS ETF",France,PA,EUR,ETF,IE00B469F816
EMSR,"BNP Paribas Easy MSCI Emerging SRI S-Series 5% Capped UCITS ETF Capitalisation",France,PA,USD,ETF,LU1291098314
EMSRI,"Amundi Index Solutions - Amundi Index MSCI Emerging Markets SRI",France,PA,EUR,ETF,LU1861138961
EMUE,"SPDR MSCI EMU UCITS ETF",France,PA,EUR,ETF,IE00B910VR50
EMWE,"BNP Paribas Easy MSCI World SRI S-Series 5% Capped UCITS ETF EUR Capitalisation",France,PA,EUR,ETF,LU1615092217
EN,"Bouygues SA",France,PA,EUR,"Common Stock",FR0000120503
ENAM,"BNP Paribas Easy MSCI North America ex CW UCITS ETF Cap",France,PA,EUR,ETF,LU1291104575
ENG,"BNP Paribas Easy ECPI Global ESG Infrastructure UCITS ETF Capitalisation",France,PA,EUR,ETF,LU1291109293
ENGI,"ENGIE SA",France,PA,EUR,"Common Stock",FR0010208488
ENX,"Euronext N.V",France,PA,EUR,"Common Stock",NL0006294274
EO,"Faurecia S.E",France,PA,EUR,"Common Stock",FR0000121147
EOS,"ACTEOS S.A",France,PA,EUR,"Common Stock",FR0000076861
EOSI,"EOS imaging SA",France,PA,EUR,"Common Stock",FR0011191766
EPEJ,"BNP Paribas Easy MSCI Pacific ex Japan ex CW UCITS ETF Cap",France,PA,EUR,ETF,LU1291106356
EPRA,"Amundi Index Solutions - Amundi Index FTSE EPRA NAREIT Global UCITS ETF DR",France,PA,EUR,ETF,LU1437018838
EPRE,"Amundi Index Solutions - Amundi FTSE EPRA Europe Real Estate UCITS ETF-C",France,PA,EUR,ETF,LU1681039480
EPS,"ENGIE Eps S.A",France,PA,EUR,"Common Stock",FR0012650166
EQUA,"BNP Paribas Easy Equity Quality Europe UCITS ETF Cap",France,PA,EUR,ETF,LU1377382103
ERA,"ERAMET S.A",France,PA,EUR,"Common Stock",FR0000131757
ERF,"Eurofins Scientific SE",France,PA,EUR,"Common Stock",FR0014000MR3
ERO,"SPDR MSCI Europe UCITS ETF",France,PA,EUR,ETF,IE00BKWQ0Q14
ERYP,"ERYTECH Pharma S.A",France,PA,EUR,"Common Stock",FR0011471135
ES,"Esso S.A.F",France,PA,EUR,"Common Stock",FR0000120669
ESD,"BNP Paribas Easy S&P 500 UCITS ETF USD C",France,PA,USD,ETF,FR0011550177
ESDD,"BNP Paribas Easy S&P 500 UCITS ETF USD C/D",France,PA,USD,ETF,FR0011550680
ESE,"BNP Paribas Easy S&P 500 UCITS ETF EUR C",France,PA,EUR,ETF,FR0011550185
ESEH,"BNP Paribas Easy S&P 500 UCITS ETF EUR H",France,PA,EUR,ETF,FR0013041530
ESI,"ESI Group SA",France,PA,EUR,"Common Stock",FR0004110310
ETBB,"BNP Paribas Easy Euro Stoxx 50 UCITS ETF EUR C/D",France,PA,EUR,ETF,FR0012740983
ETDD,"BNP Paribas Easy Euro Stoxx 50 UCITS ETF EUR C",France,PA,EUR,ETF,FR0012739431
ETL,"Eutelsat Communications S.A",France,PA,EUR,"Common Stock",FR0010221234
ETZ,"BNP Paribas Easy Stoxx Europe 600 UCITS ETF EUR C",France,PA,EUR,ETF,FR0011550193
ETZD,"BNP Paribas Easy Stoxx Europe 600 UCITS ETF EUR C/D",France,PA,EUR,ETF,FR0011550672
EUCAR,"Europcar Mobility Group S.A",France,PA,EUR,"Common Stock",FR0012789949
EUCO,"SPDR Bloomberg Barclays Euro Corporate Bond UCITS ETF",France,PA,EUR,ETF,IE00B3T9LM79
EUDV,"SPDR S&P Euro Dividend Aristocrats UCITS ETF",France,PA,EUR,ETF,IE00B5M1WJ87
EUHD,"Invesco EURO STOXX High Dividend Low Volatility UCITS ETF",France,PA,EUR,ETF,IE00BZ4BMM98
EUMV,"Ossiam iSTOXX Europe Minimum Variance NR UCITS ETF 1C (EUR)",France,PA,EUR,ETF,LU0599612842
EUR,"EURO Ressources S.A",France,PA,EUR,"Common Stock",FR0000054678
EURS,"Foncière Euris SA",France,PA,EUR,"Common Stock",FR0000038499
EUSRI,"Amundi Index Solutions - Amundi MSCI Europe SRI UCITS ETF DR",France,PA,EUR,ETF,LU1861137484
EVAE,"BNP Paribas Easy Equity Value Europe UCITS ETF Cap",France,PA,EUR,ETF,LU1377382285
EVOE,"BNP Paribas Easy Equity Low Vol Europe UCITS ETF Cap",France,PA,EUR,ETF,LU1377381717
EVOU,"BNP Paribas Easy Equity Low Vol US UCITS ETF Cap",France,PA,EUR,ETF,LU1377381980
EWLD,"Lyxor PEA Monde (MSCI World) UCITS ETF Capi",France,PA,EUR,ETF,FR0011869353
EWRD,"BNP Paribas Easy MSCI World SRI S-Series 5% Capped UCITS ETF Capitalisation",France,PA,USD,ETF,LU1291108642
EXAC,"Exacompta Clairefontaine S.A",France,PA,EUR,"Common Stock",FR0000064164
EXE,"EXEL Industries SA",France,PA,EUR,"Common Stock",FR0004527638
EXPL,"EPC Groupe",France,PA,EUR,"Common Stock",FR0000039026
FALG,"Fermentalg Société Anonyme",France,PA,EUR,"Common Stock",FR0011271600
FATL,"Fonciere Atland",France,PA,EUR,"Common Stock",FR0013455482
FAUV,Fauvet-Girel,France,PA,EUR,"Common Stock",FR0000063034
FAYE,"Fayenceries de Sarreguemines, Digoin & Vitry-le-Francois Société Anonyme",France,PA,EUR,"Common Stock",FR0000031973
FBEL,"Bel Société anonyme",France,PA,EUR,"Common Stock",FR0000121857
FCMC,"Société Fermière du Casino Municipal de Cannes",France,PA,EUR,"Common Stock",FR0000062101
FDJ,"La Française des Jeux Société anonyme",France,PA,EUR,"Common Stock",FR0013451333
FGA,"Figeac Aero Société Anonyme",France,PA,EUR,"Common Stock",FR0011665280
FGBL,"First Trust Global Equity Income UCITS ETF Class A USD",France,PA,EUR,ETF,IE00BYTH6121
FGR,"Eiffage SA",France,PA,EUR,"Common Stock",FR0000130452
FII,"Lisi S.A",France,PA,EUR,"Common Stock",FR0000050353
FIN,"Lyxor Index Fund - Lyxor STOXX Europe 600 Financial Services UCITS ETF Acc",France,PA,EUR,ETF,FR0010345363
FINM,"Financière Marjos SA",France,PA,EUR,"Common Stock",FR0000060824
FINW,"Lyxor MSCI World Financials TR UCITS ETF - C-EUR",France,PA,EUR,ETF,LU0533032859
FIPP,"FIPP S.A",France,PA,EUR,"Common Stock",FR0000038184
FLO,"Groupe Flo SA",France,PA,EUR,"Common Stock",LU1829218319
FLOT,"MULTI UNITS LUXEMBOURG&#226;&#128;&#147;Lyxor Euro Floating Rate Note UCITS ETF",France,PA,EUR,ETF,LU1829218319
FLY,"Société Foncière Lyonnaise SA",France,PA,EUR,"Common Stock",FR0000033409
FMI,"Amundi Index Solutions - Amundi FTSE MIB UCITS ETF-C",France,PA,EUR,ETF,LU1681037518
FNAC,"Fnac Darty SA",France,PA,EUR,"Common Stock",FR0011476928
FNTS,"Finatis Société Anonyme",France,PA,EUR,"Common Stock",FR0004156297
FOO,"Lyxor Index Fund - Lyxor Stoxx Europe 600 Food & Beverage UCITS ETF Acc",France,PA,EUR,ETF,FR0010344861
FP,"TotalEnergies SE",France,PA,EUR,"Common Stock",FR0000120271
FPG,"Union Technologies Informatique Group S.A",France,PA,EUR,"Common Stock",FR0000074197
FPN,"Foncière Paris Nord",France,PA,EUR,"Common Stock",FR0011277391
FPXU,"First Trust US Equity Opportunities UCITS ETF Class A Accumulation",France,PA,USD,ETF,IE00BYTH6238
FR,"Valeo SE",France,PA,EUR,"Common Stock",FR0013176526
FREY,"Frey SA",France,PA,EUR,"Common Stock",FR0010588079
FTI,"TechnipFMC plc",France,PA,EUR,"Common Stock",GB00BDSFG982
GAGG,"Amundi Index Solutions - Amundi Index Barclays Global Agg 500M",France,PA,EUR,ETF,LU1437024729
GALIM,"Galimmo SCA",France,PA,EUR,"Common Stock",FR0000030611
GAM,"Gaumont SA",France,PA,EUR,"Common Stock",FR0000034894
GBS,"Gold Bullion Securities ETC",France,PA,EUR,ETF,GB00B00FHZ82
GBT,"Guerbet SA",France,PA,EUR,"Common Stock",FR0000032526
GDS,"Ramsay Générale de Santé SA",France,PA,EUR,"Common Stock",FR0000044471
GEA,"Grenobloise d'Electronique et d'Automatismes Société Anonyme",France,PA,EUR,"Common Stock",FR0000053035
GECBT,GECBT,France,PA,EUR,"Common Stock",
GECP,"GECI International S.A",France,PA,EUR,"Common Stock",FR0000079634
GENX,"Generix SA",France,PA,EUR,"Common Stock",FR0010501692
GET,"Getlink SE",France,PA,EUR,"Common Stock",FR0010533075
GFC,"Gecina SA",France,PA,EUR,"Common Stock",FR0010040865
GGOV,"Amundi Index Solutions - Amundi Index J.P. Morgan GBI Global Govies UCITS ETF DR",France,PA,EUR,ETF,LU1437016204
GID,"Egide S.A",France,PA,EUR,"Common Stock",FR0000072373
GILS,"Lyxor Core UK Government Bond (DR) UCITS ETF - Dist-GBP",France,PA,EUR,ETF,LU1407892592
GIRO,"Signaux Girod S.A",France,PA,EUR,"Common Stock",FR0000060790
GJAJ,"Groupe JAJ",France,PA,EUR,"Common Stock",FR0004010338
GKTX,"Genkyotex SA",France,PA,EUR,"Common Stock",FR0013399474
GLDM,"Lyxor NYSE Arca Gold BUGS (DR) UCITS ETF",France,PA,EUR,ETF,LU0854423687
GLE,"Société Générale Société anonyme",France,PA,EUR,"Common Stock",FR0000130809
GLO,"GL Events SA",France,PA,EUR,"Common Stock",FR0000066672
GLUX,"Amundi Index Solutions - Amundi S&P Global Luxury ETF-C EUR",France,PA,EUR,ETF,LU1681048630
GNE,"General Electric Company",France,PA,EUR,"Common Stock",US3696041033
GNFT,"Genfit SA",France,PA,EUR,"Common Stock",FR0004163111
GNRO,"GeNeuro SA",France,PA,EUR,"Common Stock",CH0308403085
GOAI,"Amundi Index Solutions - Amundi Stoxx Global Artificial Intelligence UCITS ETF",France,PA,EUR,ETF,LU1861132840
GOE,"Groupe Gorgé SA",France,PA,EUR,"Common Stock",FR0000062671
GOVS,"SPDR Bloomberg Barclays 1-3 Year Euro Government Bond UCITS ETF",France,PA,EUR,ETF,IE00B6YX5F63
GOVY,"SPDR Bloomberg Barclays Euro Government Bond UCITS ETF",France,PA,EUR,ETF,IE00B3S5XW04
GPE,"Groupe Pizzorno Environnement",France,PA,EUR,"Common Stock",FR0010214064
GRE,"Lyxor MSCI Greece UCITS ETF Dist",France,PA,EUR,ETF,FR0010405431
GREV,"Musée Grévin SA",France,PA,EUR,"Common Stock",FR0000037970
GRVO,"Graines Voltz S.A",France,PA,EUR,"Common Stock",FR0000065971
GSCU,"BNP Paribas Easy Energy & Metals Enhanced Roll UCITS ETF USD Cap",France,PA,USD,ETF,LU1291109533
GTT,"Gaztransport & Technigaz SA",France,PA,EUR,"Common Stock",FR0011726835
GUI,"Guillemot Corporation S.A",France,PA,EUR,"Common Stock",FR0000066722
GV,"Genomic Vision Société Anonyme",France,PA,EUR,"Common Stock",FR0011799907
GWT,"Lyxor Index Fund - Lyxor MSCI EMU Growth (DR) UCITS ETF Dist",France,PA,EUR,ETF,FR0010168765
HBZ,"HSBC MSCI Brazil UCITS ETF",France,PA,EUR,ETF,IE00B5W34K94
HCAN,"HSBC MSCI Canada UCITS ETF",France,PA,EUR,ETF,IE00B51B7Z02
HCO,"High Co. SA",France,PA,EUR,"Common Stock",FR0000054231
HDLV,"Invesco S&P 500 High Dividend Low Volatility UCITS ETF",France,PA,EUR,ETF,IE00BWTN6Y99
HDP,"Les Hôtels de Paris SA",France,PA,EUR,"Common Stock",FR0004165801
HEU,"HSBC MSCI Europe UCITS ETF",France,PA,EUR,ETF,IE00B5BD5K76
HEXA,"Hexaom S.A",France,PA,EUR,"Common Stock",FR0004159473
HF,"HF Company SA",France,PA,EUR,"Common Stock",FR0000038531
HHH,"HSBC S&P 500 UCITS ETF",France,PA,EUR,ETF,IE00B5KQNG97
HIPAY,"HiPay Group SA",France,PA,EUR,"Common Stock",FR0012821916
HLT,"Lyxor Index Fund - Lyxor Stoxx Europe 600 Healthcare UCITS ETF Acc",France,PA,EUR,ETF,FR0010344879
HLTW,"Lyxor MSCI World Health Care TR UCITS ETF - C-EUR",France,PA,EUR,ETF,LU0533033238
HMCX,"HSBC FTSE 250 UCITS ETF",France,PA,EUR,ETF,IE00B64PTF05
HMLA,"HSBC MSCI EM Latin America UCITS ETF",France,PA,EUR,ETF,IE00B4TS3815
HO,"Thales S.A",France,PA,EUR,"Common Stock",FR0000121329
HOLN,"Holcim Ltd",France,PA,EUR,"Common Stock",CH0012214059
HOP,"Hopscotch Global PR Group",France,PA,EUR,"Common Stock",FR0000065278
HSI,"Lyxor Hong Kong (HSI) UCITS ETF - Dist-EUR",France,PA,EUR,ETF,FR0010361675
HSTE,"HSBC ETFS PLC - HSBC Hang Seng Tech UCITS ETF",France,PA,EUR,ETF,IE00BMWXKN31
HTR,"HSBC MSCI Turkey UCITS ETF",France,PA,EUR,ETF,IE00B5BRQB73
HYBB,"Lyxor iBoxx EUR Liquid High Yield BB UCITS ETF C-EUR",France,PA,EUR,ETF,LU1215415214
HZAR,"HSBC Msci South Africa Capped UCITS ETF",France,PA,EUR,ETF,IE00B57S5Q22
IAM,"Itissalat Al-Maghrib (IAM) S.A",France,PA,EUR,"Common Stock",MA0000011488
ICAD,"Icade SA",France,PA,EUR,"Common Stock",FR0000035081
IDIP,IDI,France,PA,EUR,"Common Stock",FR0000051393
IDL,"ID Logistics Group SA",France,PA,EUR,"Common Stock",FR0010929125
IGE,"IGE+XAO SA",France,PA,EUR,"Common Stock",FR0000030827
ILD,"iliad S.A",France,PA,EUR,"Common Stock",FR0004035913
IMDA,"Immobiliere Dassault SA",France,PA,EUR,"Common Stock",FR0000033243
IMIE,"SPDR MSCI ACWI IMI UCITS ETF",France,PA,EUR,ETF,IE00B3YLTY66
IND,"Lyxor Index Fund - Lyxor STOXX Europe 600 Industrial Goods & Services UCITS ETF Acc",France,PA,EUR,ETF,FR0010344887
INDO,"Lyxor MSCI Indonesia UCITS ETF Acc",France,PA,EUR,ETF,LU1900065811
INDW,"Lyxor MSCI World Industrials TR UCITS ETF - C-EUR",France,PA,EUR,ETF,LU0533033402
INEA,"Fonciere Inea S.A",France,PA,EUR,"Common Stock",FR0010341032
INF,"Infotel SA",France,PA,EUR,"Common Stock",FR0000071797
INFE,"Compagnie Industrielle et Financière d'Entreprises SA",France,PA,EUR,"Common Stock",FR0000066219
INFL,"Lyxor EUR 2-10Y Inflation Expectations UCITS ETF - C-EUR",France,PA,EUR,ETF,LU1390062245
INFU,"Lyxor US$ 10Y Inflation Expectations UCITS ETF - C-USD",France,PA,EUR,ETF,LU1390062831
INR,"Lyxor MSCI India UCITS ETF Acc EUR",France,PA,EUR,ETF,FR0010361683
INS,"Lyxor Index Fund - Lyxor STOXX Europe 600 Insurance UCITS ETF Acc",France,PA,EUR,ETF,FR0010344903
IPH,"Innate Pharma S.A",France,PA,EUR,"Common Stock",FR0010331421
IPN,"Ipsen S.A",France,PA,EUR,"Common Stock",FR0010259150
IPS,"Ipsos SA",France,PA,EUR,"Common Stock",FR0000073298
IRD,"Groupe IRD SA",France,PA,EUR,"Common Stock",FR0000124232
ITE,"Itesoft S.A",France,PA,EUR,"Common Stock",FR0004026151
ITP,"Interparfums SA",France,PA,EUR,"Common Stock",FR0004024222
ITS,"ITS Group",France,PA,EUR,"Common Stock",FR0000073843
IVA,"Inventiva S.A",France,PA,EUR,"Common Stock",FR0013233012
IWHCS,"ISHARES WHCS INAV",France,PA,USD,ETF,
JBEM,"BNP Paribas Easy Bloomberg-Barclays Euro Aggregate Treasury UCITS ETF Capitalisation",France,PA,EUR,ETF,LU1481202692
JBOG,"Jacques Bogart S.A",France,PA,EUR,"Common Stock",FR0012872141
JCQ,"Jacquet Metals SA",France,PA,EUR,"Common Stock",FR0000033904
JNKE,"SPDR Bloomberg Barclays Euro High Yield Bond UCITS ETF",France,PA,EUR,ETF,IE00B6YX5M31
JPHC,"Amundi Index Solutions - Amundi JPX-Nikkei 400 UCITS ETF-C CHF Hedged",France,PA,CHF,ETF,FR0013089075
JPMV,"Ossiam Japan Minimum Variance NR UCITS ETF 1C (EUR)",France,PA,EUR,ETF,LU1254453738
JPN,"Lyxor Japan (Topix) (DR) UCITS ETF Dist EUR",France,PA,EUR,ETF,FR0010245514
JPNH,"Lyxor Japan (Topix) (DR) UCITS ETF Daily Hedged to EUR Dist",France,PA,EUR,ETF,FR0011475078
JPX4,"Lyxor JPX-Nikkei 400 (DR) UCITS ETF - C-EUR",France,PA,EUR,ETF,LU1646359452
KAZI,"Orchestra-Prémaman S.A",France,PA,EUR,"Common Stock",FR0013190410
KER,"Kering SA",France,PA,EUR,"Common Stock",FR0000121485
KN,"Natixis S.A",France,PA,EUR,"Common Stock",FR0000120685
KOF,"Kaufman & Broad S.A",France,PA,EUR,"Common Stock",FR0004007813
KORI,Korian,France,PA,EUR,"Common Stock",FR0010386334
KRW,"Lyxor MSCI Korea UCITS ETF - Acc-EUR",France,PA,EUR,ETF,LU1900066975
L100,"MULTI-UNITS LUXEMBOURG - Lyxor FTSE 100 UCITS ETF - Acc",France,PA,EUR,ETF,FR0010438127
LACR,"LACROIX Group SA",France,PA,EUR,"Common Stock",FR0000066607
LAT,"Latécoère S.A",France,PA,EUR,"Common Stock",FR0000032278
LBIRD,"Lumibird SA",France,PA,EUR,"Common Stock",FR0000038242
LBON,"Compagnie Lebon",France,PA,EUR,"Common Stock",FR0000121295
LCUS,"Multi Units Luxembourg - Lyxor Core Morningstar US (DR) UCITS ETF",France,PA,EUR,ETF,LU1781540957
LCWD,"Lyxor Core MSCI World (DR) UCITS ETF",France,PA,EUR,ETF,LU1781541179
LEBL,"Foncière 7 investissement Société Anonyme",France,PA,EUR,"Common Stock",FR0000065930
LEM,"Lyxor MSCI Emerging Markets UCITS ETF Acc EUR",France,PA,EUR,ETF,FR0010429068
LEMB,"Lyxor iBoxx $ Liquid Emerging Markets Sovereign UCITS ETF - Dist",France,PA,USD,ETF,LU1686830909
LFDE,"La Française de l'Energie S.A",France,PA,EUR,"Common Stock",FR0013030152
LI,"Klépierre SA",France,PA,EUR,"Common Stock",FR0000121964
LIN,"Linedata Services S.A",France,PA,EUR,"Common Stock",FR0004156297
LNA,"LNA Santé SA",France,PA,EUR,"Common Stock",FR0004170017
LOCAL,"Solocal Group S.A",France,PA,EUR,"Common Stock",FR0012938884
LOUP,"L.D.C. S.A",France,PA,EUR,"Common Stock",FR0013204336
LPE,"Laurent-Perrier S.A",France,PA,EUR,"Common Stock",FR0006864484
LQQ,"Lyxor Nasdaq-100 Daily (2x) Leveraged UCITS ETF Acc",France,PA,EUR,ETF,FR0010342592
LR,"Legrand SA",France,PA,EUR,"Common Stock",FR0010307819
LSS,"Lectra SA",France,PA,EUR,"Common Stock",FR0000065484
LTA,Altamir,France,PA,EUR,"Common Stock",FR0000053837
LTM,"Lyxor MSCI EM Latin America UCITS ETF Acc",France,PA,EUR,ETF,FR0011551019
LUXU,"Amundi Index Solutions - Amundi S&P Global Luxury ETF-C USD",France,PA,USD,ETF,LU1681048713
LVC,"Lyxor CAC 40 Daily (2x) Leveraged UCITS ETF Acc",France,PA,EUR,ETF,FR0010592014
LVD,"MULTI-UNITS LUXEMBOURG - Lyxor Daily LevDAX UCITS ETF - Acc",France,PA,EUR,ETF,LU0252634307
LVE,"Lyxor Euro Stoxx 50 Daily (2x) Leveraged UCITS ETF Acc",France,PA,EUR,ETF,FR0010468983
LWCR,"Amundi MSCI World Climate Transition CTB - UCITS ETF DR - EUR-C",France,PA,EUR,ETF,LU1602144229
LWCU,"Amundi MSCI World Climate Transition CTB - UCITS ETF DR - USD-C",France,PA,USD,ETF,LU1602144492
LYS,"Lysogene S.A",France,PA,EUR,"Common Stock",FR0013233475
MA13,"Lyxor EuroMTS Highest Rated Macro-Weighted Govt Bond 1-3Y (DR) UCITS ETF Acc",France,PA,EUR,ETF,LU1829219556
MA35,"Lyxor EuroMTS Highest Rated Macro-Weighted Govt Bond 3-5Y (DR) UCITS ETF Acc",France,PA,EUR,ETF,LU1829219713
MAA,"MULTI-UNITS LUXEMBOURG - Lyxor EuroMTS Highest Rated Macro-Weighted Govt Bond (DR) UCITS ETF - Acc",France,PA,EUR,ETF,LU1287023342
MALT,"Malteries Franco-Belges Société Anonyme",France,PA,EUR,"Common Stock",FR0000030074
MAN,"Manutan International S.A",France,PA,EUR,"Common Stock",FR0000032302
MATW,"Lyxor MSCI World Materials TR UCITS ETF - C-EUR",France,PA,EUR,ETF,LU0533033824
MAU,"Etablissements Maurel & Prom S.A",France,PA,EUR,"Common Stock",FR0000051070
MBWS,"Marie Brizard Wine & Spirits SA",France,PA,EUR,"Common Stock",FR0000060873
MC,"LVMH Moët Hennessy - Louis Vuitton, Société Européenne",France,PA,EUR,"Common Stock",FR0000121014
MCPHY,"McPhy Energy S.A",France,PA,EUR,"Common Stock",FR0011742329
MDA,"Lyxor Index Fund - Lyxor STOXX Europe 600 Media UCITS ETF Acc",France,PA,EUR,ETF,LU1834988195
MDM,"Maisons du Monde S.A",France,PA,EUR,"Common Stock",FR0013153541
MDW,"Mediawan SA",France,PA,EUR,"Common Stock",FR0013247137
MEDCL,"MedinCell S.A",France,PA,EUR,"Common Stock",FR0004065605
MEH,"Lyxor Index Fund - Lyxor STOXX Europe 600 Real Estate UCITS ETF - Dist",France,PA,EUR,ETF,LU1812091194
MEM,"HSBC MSCI EM Far East UCITS ETF",France,PA,EUR,ETF,IE00B5LP3W10
MEMS,"MEMSCAP, S.A",France,PA,EUR,"Common Stock",FR0010298620
MERY,Mercialys,France,PA,EUR,"Common Stock",FR0010241638
METEX,"METabolic EXplorer S.A",France,PA,EUR,"Common Stock",FR0004177046
MEU,"Lyxor MSCI Europe (DR) UCITS ETF Acc",France,PA,EUR,ETF,FR0010261198
MEUD,"Lyxor Core STOXX Europe 600 (DR) - UCITS ETF Acc",France,PA,EUR,ETF,LU0908500753
MF,Wendel,France,PA,EUR,"Common Stock",FR0000121204
MFDD,"Lyxor EURO STOXX 300 (DR) - UCITS ETF D-EUR",France,PA,EUR,ETF,LU0908501132
MFE,"Lyxor Core MSCI EMU (DR) UCITS ETF - D-EUR",France,PA,EUR,ETF,LU1646360971
MFED,"Lyxor EURO STOXX 300 (DR) - UCITS ETF C-EUR",France,PA,EUR,ETF,LU0908501058
MGT,"Lyxor DJ Global Titans 50 UCITS ETF Dist",France,PA,EUR,ETF,FR0007075494
MI10,"Lyxor Index Fund - Lyxor EuroMTS 10Y Italy BTP Government Bond (DR) UCITS ETF Acc",France,PA,EUR,ETF,LU1598691217
MI13,"Lyxor Index Fund - Lyxor EuroMTS 1-3Y Italy BTP Government Bond (DR) UCITS ETF Dist",France,PA,EUR,ETF,FR0011313741
MIB,"Lyxor FTSE MIB (DR) UCITS ETF",France,PA,EUR,ETF,FR0010010827
MIVO,"Amundi Index Solutions - Amundi MSCI Europe Minimum Volatility Factor UCITS ETF-C",France,PA,EUR,ETF,LU1681041627
MIVU,"Amundi Index Solutions - Amundi MSCI USA Minimum Volatility Factor UCITS ETF",France,PA,EUR,ETF,LU1589349734
MJP,"HSBC MSCI JAPAN UCITS ETF",France,PA,EUR,ETF,IE00B5VX7566
MKEA,"Mauna Kea Technologies SA",France,PA,EUR,"Common Stock",FR0010609263
MKTN,"Amundi ETF iStoxx Europe Multi-Factor Market Neutral UCITS ETF",France,PA,EUR,ETF,FR0013284304
ML,"Compagnie Générale des Établissements Michelin Société en commandite par actions",France,PA,EUR,"Common Stock",FR0000121261
ML350,"Rapidoprêt SAS",France,PA,EUR,"Common Stock",FR0012395457
MLAAH,"Amatheon Agri Holding N.V",France,PA,EUR,"Common Stock",NL0010273694
MLAIM,"Air Marine SA",France,PA,EUR,"Common Stock",
MLALV,"Alveen S.A",France,PA,EUR,"Common Stock",FR0013253812
MLBAT,"Batla Minerals SA",France,PA,EUR,"Common Stock",FR0010436170
MLBSP,"Blue Shark Power System",France,PA,EUR,"Common Stock",
MLCAC,"Lombard et Medot SA",France,PA,EUR,"Common Stock",
MLCEC,"SA Cecurity.com",France,PA,EUR,"Common Stock",FR0010717579
MLCFD,"Compagnie de Chemins de Fer Départementaux Société Anonyme",France,PA,EUR,"Common Stock",
MLCFM,"CFM Indosuez Wealth Management SA",France,PA,EUR,"Common Stock",MC0010000826
MLCHE,"Cheops Technology France SA",France,PA,EUR,"Common Stock",FR0010447086
MLCLP,"Colipays, S.A",France,PA,EUR,"Common Stock",
MLCMB,"Compagnie Du Mont-Blanc",France,PA,EUR,"Common Stock",FR0000060428
MLCVG,"Société des Chemins de Fer et Tramways du Var et du Gard",France,PA,EUR,"Common Stock",FR0000051567
MLDYN,"Dynafond Société Anonyme",France,PA,EUR,"Common Stock",
MLEAS,"Easson Telecom Limited",France,PA,EUR,"Common Stock",HK0000038783
MLEDR,"Compagnie des Eaux de Royan",France,PA,EUR,"Common Stock",FR0007200100
MLEDS,"Editions Du Signe SA",France,PA,EUR,"Common Stock",
MLEES,"Energie Europe Service",France,PA,EUR,"Common Stock",
MLERO,"Euroland Corporate Société anonyme",France,PA,EUR,"Common Stock",FR0010157115
MLETA,"Metalliance Société Anonyme",France,PA,EUR,"Common Stock",FR0010492181
MLFTI,"France Tourisme Immobilier SA",France,PA,EUR,"Common Stock",FR0010823724
MLGAI,"Grande Armee Investissement SA",France,PA,EUR,"Common Stock",
MLGAL,"Galeo Concept SA",France,PA,EUR,"Common Stock",
MLGEL,"Gel Groupe SA",France,PA,EUR,"Common Stock",FR0012336675
MLGEQ,"Gentlemen's Equity S.A",France,PA,EUR,"Common Stock",PTGVE1AE0009
MLGML,"Gour Medical SA",France,PA,EUR,"Common Stock",FR0013371507
MLHBB,"Financiere Hoche Bains-Les-Bains SA",France,PA,EUR,"Common Stock",
MLHIN,"Société Hôtelière et Immobilière de Nice S.A",France,PA,EUR,"Common Stock",
MLHMC,"Hotel Majestic Cannes",France,PA,EUR,"Common Stock",
MLHOT,"Hotelim Société Anonyme",France,PA,EUR,"Common Stock",
MLHPE,"Hopening SA",France,PA,EUR,"Common Stock",
MLHPI,"Hopium Société anonyme",France,PA,EUR,"Common Stock",
MLHYD,"Hydraulique P.B Société anonyme",France,PA,EUR,"Common Stock",
MLIDS,"IDS France SAS",France,PA,EUR,"Common Stock",
MLIML,"ImAlliance SA",France,PA,EUR,"Common Stock",FR0010086371
MLIMP,"Imprimerie Chirat Société Anonyme",France,PA,EUR,"Common Stock",FR0000065773
MLIOC,"Indoor and Outdoor Communication Holding SA",France,PA,EUR,"Common Stock",
MLJSA,"Jsa Technology Société anonyme",France,PA,EUR,"Common Stock",
MLLCB,"Les Constructeurs du Bois S.A",France,PA,EUR,"Common Stock",
MLMAB,"Maison Antoine Baud Société Anonyme",France,PA,EUR,"Common Stock",
MLMAD,"Made SA",France,PA,EUR,"Common Stock",
MLMAI,"Maisons D'aujourd'hui",France,PA,EUR,"Common Stock",
MLMFI,"Condor Technologies NV",France,PA,EUR,"Common Stock",BE6252013725
MLMGL,"Magillem Design Services SA",France,PA,EUR,"Common Stock",
MLMMC,"SA Multimicrocloud",France,PA,EUR,"Common Stock",FR0013230067
MLMON,"MonFinancier SAS",France,PA,EUR,"Common Stock",FR0010882886
MLMUL,"Mulann SA",France,PA,EUR,"Common Stock",FR0012990968
MLNEI,"News Invest",France,PA,EUR,"Common Stock",
MLNEO,"Néocom Multimédia SA",France,PA,EUR,"Common Stock",FR0004157543
MLNMA,"Nicolas Miguet et Associes SA",France,PA,EUR,"Common Stock",
MLNOV,"Novatech Industries",France,PA,EUR,"Common Stock",
MLOCT,"Octopus Biosafety SA",France,PA,EUR,"Common Stock",FR0013310281
MLONE,"Body One SA",France,PA,EUR,"Common Stock",FR0010106039
MLONL,"Onlineformapro S.A",France,PA,EUR,"Common Stock",
MLPAC,"Pacte Novation",France,PA,EUR,"Common Stock",FR0000077992
MLPAP,"Les Agences de Papa Société anonyme",France,PA,EUR,,
MLPFX,"Parfex SA",France,PA,EUR,"Common Stock",FR0000185928
MLPHO,"Photonike Capital SA",France,PA,EUR,ETF,
MLPHW,"Phone Web SA",France,PA,EUR,"Common Stock",
MLPLC,"Placoplatre SA",France,PA,EUR,"Common Stock",
MLPRX,"Parx Materials N.V",France,PA,EUR,"Common Stock",
MLROU,"Rousselet Centrifugation S.A",France,PA,EUR,"Common Stock",
MLSDN,"La Savonnerie De Nyons",France,PA,EUR,"Common Stock",FR0013155975
MLSEQ,"Sequa Petroleum N.V",France,PA,EUR,"Common Stock",NL0010623518
MLSIL,"Sejours Internat. Linguistique Culture",France,PA,EUR,"Common Stock",
MLSIM,"Simo International Société Anonyme",France,PA,EUR,"Common Stock",
MLSML,"Smalto Holding SA",France,PA,EUR,"Common Stock",FR0011131788
MLSRP,"Speed Rabbit Pizza SA",France,PA,EUR,"Common Stock",FR0000054371
MLSTR,"Streit Mecanique SA",France,PA,EUR,"Common Stock",
MLSUM,"Sumo Resources Plc",France,PA,EUR,"Common Stock",GB00B8GJBS16
MLTEA,"Team Société anonyme",France,PA,EUR,"Common Stock",
MLTRA,"Compagnie des Tramways de Rouen",France,PA,EUR,"Common Stock",FR0000031866
MLTRO,"TROC DE L'ILE SA",France,PA,EUR,"Common Stock",
MLV4S,"Les Vérandas 4 Saisons",France,PA,EUR,"Common Stock",
MLVAP,"Kumulus Vape S.A",France,PA,EUR,"Common Stock",
MLVIS,"Visio Nerf",France,PA,EUR,"Common Stock",
MLWEA,"Weaccess Group, Société Anonyme",France,PA,EUR,"Common Stock",
MLZAM,"ZCCM Investments Holdings Plc",France,PA,EUR,"Common Stock",ZM0000000037
MMB,"Lagardère SCA",France,PA,EUR,"Common Stock",FR0000130213
MMS,"Lyxor Index Fund - Lyxor MSCI EMU Small Cap (DR) UCITS ETF Dist",France,PA,EUR,ETF,FR0010168773
MMT,"Métropole Télévision S.A",France,PA,EUR,"Common Stock",FR0000053225
MOED,"BNP Paribas Easy Equity Momentum Europe UCITS ETF Dis",France,PA,EUR,ETF,LU1481201538
MONC,"Financière Moncey SA",France,PA,EUR,"Common Stock",FR0000076986
MRK,"Merck & Co., Inc",France,PA,EUR,"Common Stock",DE0006599905
MRM,"M.R.M. SA",France,PA,EUR,"Common Stock",FR0000060196
MRN,"Mersen SA",France,PA,EUR,"Common Stock",FR0000039620
MSE,"Lyxor Euro Stoxx 50 (DR) UCITS ETF Acc",France,PA,EUR,ETF,FR0007054358
MSED,"Lyxor Index Fund - Lyxor Core Euro Stoxx 50 (DR) UCITS ETF Acc",France,PA,EUR,ETF,LU0908501215
MTA,"MULTI-UNITS LUXEMBOURG - Lyxor Euro Government Bond 1-3Y (DR) UCITS ETF - Acc",France,PA,EUR,ETF,FR0010222224
MTB,"MULTI-UNITS LUXEMBOURG - Lyxor Euro Government Bond 3-5Y (DR) UCITS ETF - Acc",France,PA,EUR,ETF,LU1650488494
MTC,"MULTI-UNITS LUXEMBOURG - Lyxor Euro Government Bond 5-7Y (DR) UCITS ETF - Acc",France,PA,EUR,ETF,LU1287023003
MTD,"MULTI-UNITS LUXEMBOURG - Lyxor Euro Government Bond 7-10Y (DR) UCITS ETF - Acc",France,PA,EUR,ETF,LU1287023185
MTE,"MULTI-UNITS LUXEMBOURG - Lyxor Euro Government Bond 10-15Y (DR) UCITS ETF - Acc",France,PA,EUR,ETF,LU1650489385
MTF,"MULTI-UNITS LUXEMBOURG - Lyxor Euro Government Bond 15+Y (DR) UCITS ETF - Acc",France,PA,EUR,ETF,LU1287023268
MTH,"Lyxor Index Fund - Lyxor Ultra Long Duration Euro Govt FTSE MTS 25+Y (DR) UCITS ETF Acc",France,PA,EUR,ETF,FR0012538148
MTI,"Lyxor Core Euro Government Inflation-Linked Bond (DR) UCITS ETF - Acc",France,PA,EUR,ETF,LU1650491282
MTU,"Manitou BF SA",France,PA,EUR,"Common Stock",FR0000032302
MTX,"MULTI-UNITS LUXEMBOURG - Lyxor Euro Government Bond (DR) UCITS ETF - Acc",France,PA,EUR,ETF,LU1650490474
MUA,"Lyxor Index Fund - Lyxor FTSE EPRA/NAREIT United States UCITS ETF Dist",France,PA,EUR,ETF,LU1832418856
MUN,"Micropole S.A",France,PA,EUR,"Common Stock",FR0000077570
MUS,"HSBC MSCI USA UCITS ETF",France,PA,EUR,ETF,IE00B5WFQ436
MVUS,"Ossiam US Minimum Variance ESG NR UCITS ETF 1A (USD)",France,PA,USD,ETF,IE00BHNGHW42
MWO,"Lyxor FTSE Epra/Nareit Global Developed UCITS ETF D EUR Inc",France,PA,EUR,ETF,LU1832418773
MXJ,"HSBC MSCI Pacific ex Japan UCITS ETF",France,PA,EUR,ETF,IE00B5SG8Z57
NACON,"Nacon S.A",France,PA,EUR,"Common Stock",
NANO,"Nanobiotix S.A",France,PA,EUR,"Common Stock",FR0011341205
NAVYA,"Navya SA",France,PA,EUR,"Common Stock",FR0013018041
NDXH,"Amundi Index Solutions - Amundi Nasdaq-100 ETF-C EUR Hedged",France,PA,EUR,ETF,LU1681038599
NEOEN,"Neoen S.A",France,PA,EUR,"Common Stock",FR0011675362
NEX,"Nexans S.A",France,PA,EUR,"Common Stock",FR0000044448
NEXTS,"NextStage - S.C.A",France,PA,EUR,"Common Stock",FR0012789386
NK,"Imerys S.A",France,PA,EUR,"Common Stock",FR0000120859
NLFBS,NLFBS,France,PA,EUR,"Common Stock",
NOKIA,"Nokia Corporation",France,PA,EUR,"Common Stock",FI0009000681
NRAM,"Amundi Index Solutions - Amundi Index MSCI North America UCITS ETF DR",France,PA,EUR,ETF,LU1437016543
NRG,"NRJ Group SA",France,PA,EUR,"Common Stock",FR0000121691
NRGW,"Lyxor MSCI World Energy TR UCITS ETF - C-EUR",France,PA,EUR,ETF,LU0533032420
NRJ,"Multi Units France - Lyxor New Energy (DR) UCITS ETF",France,PA,EUR,ETF,FR0010524777
NRO,"Neurones S.A",France,PA,EUR,"Common Stock",FR0004050250
NTG,"Netgem SA",France,PA,EUR,"Common Stock",FR0004154060
NXI,"Nexity SA",France,PA,EUR,"Common Stock",FR0010112524
OBLI,"Lyxor PEA Obligations d&apos;&#195;&#137;tat Euro UCITS ETF Acc",France,PA,EUR,ETF,
ODET,"Compagnie de l'Odet",France,PA,EUR,"Common Stock",FR0000062234
OIL,"Lyxor Index Fund - Lyxor Stoxx Europe 600 Oil & Gas UCITS ETF Acc",France,PA,EUR,ETF,FR0010344960
OLG,"Olympique Lyonnais Groupe SA",France,PA,EUR,"Common Stock",FR0010428771
OPN,"Groupe Open",France,PA,EUR,"Common Stock",FR0004050300
OR,"L'Oréal S.A",France,PA,EUR,"Common Stock",FR0000120321
ORA,"Orange S.A",France,PA,EUR,"Common Stock",FR0000133308
ORAP,"Orapi SA",France,PA,EUR,"Common Stock",FR0000075392
OREGE,"Orege Société Anonyme",France,PA,EUR,"Common Stock",FR0010609206
ORIA,"Fiducial Real Estate SA",France,PA,EUR,"Common Stock",FR0000060535
ORP,"Orpea SA",France,PA,EUR,"Common Stock",FR0000184798
OSE,"OSE Immunotherapeutics SA",France,PA,EUR,"Common Stock",FR0012127173
P500H,"Amundi ETF PEA S&P 500 UCITS ETF Daily Hedged EUR",France,PA,EUR,ETF,
PAASI,"Amundi ETF PEA MSCI Emerging Asia UCITS ETF",France,PA,EUR,ETF,FR0013412012
PABW,"Amundi Index Solutions -Amundi Msci World Climate Paris Aligned Pab",France,PA,EUR,ETF,LU2182388400
PAEEM,"Amundi ETF PEA MSCI Emerging Markets UCITS ETF",France,PA,EUR,ETF,FR0013412020
PAEJ,"Lyxor PEA Asie Pacifique (MSCI AC Asia Pacific ex Japan) UCITS ETF Capi",France,PA,EUR,ETF,FR0011869312
PAF,"MULTI-UNITS LUXEMBOURG - Lyxor Pan Africa UCITS ETF - Acc",France,PA,EUR,ETF,LU1287022708
PALAT,"Amundi ETF PEA MSCI EM Latin America UCITS ETF",France,PA,EUR,ETF,FR0013412004
PANX,"Amundi ETF PEA Nasdaq-100 UCITS ETF",France,PA,EUR,ETF,FR0013412269
PAR,"Paref SA",France,PA,EUR,"Common Stock",FR0010263202
PARP,"Groupe Partouche SA",France,PA,EUR,"Common Stock",FR0010263202
PARRO,"Parrot S.A",France,PA,EUR,"Common Stock",FR0004038263
PASI,"Lyxor PEA Chine (MSCI China) UCITS ETF Capi",France,PA,EUR,ETF,FR0011871078
PAT,"Patrimoine et Commerce SA",France,PA,EUR,"Common Stock",FR0011027135
PAXJ,"Lyxor MSCI Pacific Ex Japan UCITS ETF - D-USD",France,PA,EUR,ETF,LU1220245556
PCA,"PCAS SA",France,PA,EUR,"Common Stock",FR0000053514
PCEU,"Amundi ETF PEA MSCI Europe UCITS ETF",France,PA,EUR,ETF,FR0013412038
PDJE,"Lyxor PEA Dow Jones Industrial Average UCITS ETF Capi",France,PA,EUR,ETF,FR0011869270
PE500,"Amundi ETF PEA S&P 500 UCITS ETF EUR",France,PA,EUR,ETF,FR0013412285
PEAP,"Lyxor PEA PME (DR) UCITS ETF Dist",France,PA,EUR,ETF,FR0011770775
PEF,"Invesco FTSE RAFI Europe UCITS ETF",France,PA,EUR,ETF,IE00B23D8X81
PEH,"Invesco FTSE RAFI Emerging Markets UCITS ETF",France,PA,EUR,ETF,IE00B23D9570
PERR,"Gérard Perrier Industrie S.A",France,PA,EUR,"Common Stock",FR0000061459
PEU,"Invesco EuroMTS Cash 3 Months UCITS ETF",France,PA,EUR,ETF,IE00B3BPCH51
PEUG,"Peugeot Invest Société anonyme",France,PA,EUR,"Common Stock",FR0000064784
PFT,"Invesco FTSE RAFI US 1000 UCITS ETF",France,PA,EUR,ETF,IE00B23D8S39
PHA,"Pharmagest Interactive SA",France,PA,EUR,"Common Stock",FR0012882389
PHG,"Lyxor Index Fund - Lyxor STOXX Europe 600 Personal & Household Goods UCITS ETF Acc",France,PA,EUR,ETF,FR0010344978
PID,"Paragon ID SA",France,PA,EUR,"Common Stock",FR0013318813
PIG,"Haulotte Group SA",France,PA,EUR,"Common Stock",FR0000066755
PINR,"Lyxor PEA Inde (MSCI India) UCITS ETF Capi",France,PA,EUR,ETF,FR0011869320
PJPH,"Lyxor PEA Japon (Topix) UCITS ETF Couverte en EUR Capi",France,PA,EUR,ETF,FR0011884121
PJPN,"Lyxor PEA Japon (Topix) UCITS ETF Capi",France,PA,EUR,ETF,FR0011871102
PKRW,"Lyxor PEA Coree (MSCI Korea) UCITS ETF Capi",France,PA,EUR,ETF,FR0011869338
PLEM,"Lyxor PEA Emergents (MSCI Emerging Markets) UCITS ETF Capi",France,PA,EUR,ETF,FR0011440478
PMEH,"Lyxor PEA Immobilier Europe (FTSE EPRA/NAREIT) UCITS ETF Capi",France,PA,EUR,ETF,FR0011869304
POM,"Compagnie Plastic Omnium SA",France,PA,EUR,"Common Stock",FR0000124570
POXEL,"Poxel S.A",France,PA,EUR,"Common Stock",FR0012432516
PQVM,"Invesco S&P 500 QVM UCITS ETF",France,PA,EUR,ETF,IE00BDZCKK11
PRC,Artprice.com,France,PA,EUR,"Common Stock",FR0000074783
PREC,"Precia S.A",France,PA,EUR,"Common Stock",FR0000060832
PRIO,"Lyxor PEA Br&#195;&#169;sil (MSCI Brazil) UCITS ETF Capi",France,PA,EUR,ETF,FR0011869205
PROAC,"Proactis SA",France,PA,EUR,"Common Stock",
PROL,"Prologue S.A",France,PA,EUR,"Common Stock",FR0010380626
PRUS,"Lyxor PEA Russie (MSCI Russia IMI Select GDR) UCITS ETF Capi",France,PA,EUR,ETF,FR0011869387
PSAT,"Passat Société Anonyme",France,PA,EUR,"Common Stock",FR0000038465
PSB,"PSB Industries",France,PA,EUR,"Common Stock",FR0000060329
PSP5,"Lyxor PEA S&P 500 UCITS ETF Capi",France,PA,EUR,ETF,FR0011871128
PSPH,"Lyxor PEA S&P 500 UCITS ETF Couverte en EUR Capi",France,PA,EUR,ETF,FR0011871136
PSRW,"Invesco FTSE RAFI All World 3000 UCITS ETF",France,PA,EUR,ETF,IE00B23LNQ02
PTPXE,"Amundi ETF PEA Japan Topix UCITS ETF EUR",France,PA,EUR,ETF,FR0013411980
PTPXH,"Amundi ETF PEA Japan Topix UCITS ETF Daily Hedged EUR",France,PA,EUR,ETF,FR0013411998
PUB,"Publicis Groupe S.A",France,PA,EUR,"Common Stock",FR0000130577
PUBBS,PUBBS,France,PA,EUR,"Common Stock",
PUST,"Lyxor PEA Nasdaq-100 UCITS ETF Capi",France,PA,EUR,ETF,FR0011871110
PVL,"Plastiques du Val de Loire",France,PA,EUR,"Common Stock",FR0013252186
PVX,"Lyxor Index Fund - Lyxor Privex UCITS ETF Dist",France,PA,EUR,ETF,LU1812091947
PWG,"Prodways Group SA",France,PA,EUR,"Common Stock",FR0012613610
QCEU,"Amundi Index Solutions - Amundi MSCI Europe Quality Factor UCITS ETF-C",France,PA,EUR,ETF,LU1681041890
QDT,"Quadient S.A",France,PA,EUR,"Common Stock",FR0000120560
QQQ,"Invesco EQQQ NASDAQ-100 UCITS ETF",France,PA,EUR,ETF,IE0032077012
QUED,"BNP Paribas Easy Equity Quality Europe UCITS ETF Dis",France,PA,EUR,ETF,LU1481201611
R2US,"SPDR Russell 2000 US Small Cap UCITS ETF",France,PA,EUR,ETF,IE00BJ38QD84
RAL,"Rallye SA",France,PA,EUR,"Common Stock",FR0000060618
RBO,"Roche Bobois S.A",France,PA,EUR,"Common Stock",FR0013344173
RBT,"Robertet SA",France,PA,EUR,"Common Stock",FR0000039091
RCO,"Rémy Cointreau SA",France,PA,EUR,"Common Stock",FR0000130395
RE,"Colas SA",France,PA,EUR,"Common Stock",FR0000121634
RF,"Eurazeo SE",France,PA,EUR,"Common Stock",FR0000121121
RI,"Pernod Ricard SA",France,PA,EUR,"Common Stock",FR0000120693
RIN,"Vilmorin & Cie SA",France,PA,EUR,"Common Stock",FR0000050049
RIO,"Lyxor MSCI Brazil UCITS ETF Acc",France,PA,EUR,ETF,FR0010408799
RMS,"Hermès International Société en commandite par actions",France,PA,EUR,"Common Stock",FR0000052292
RNO,"Renault SA",France,PA,EUR,"Common Stock",FR0000131906
ROTH,"Rothschild & Co SCA",France,PA,EUR,"Common Stock",FR0000031684
RS2K,"Amundi Index Solutions - Amundi Russell 2000 ETF-C EUR",France,PA,EUR,ETF,FR0011636190
RS2U,"Amundi Index Solutions - Amundi Russell 2000 ETF-C USD",France,PA,USD,ETF,FR0011636208
RTA,"Lyxor Index Fund - Lyxor STOXX Europe 600 Retail UCITS ETF Acc",France,PA,EUR,ETF,LU1834988435
RUI,Rubis,France,PA,EUR,"Common Stock",FR0013269123
RUS,"Lyxor MSCI Russia UCITS ETF Acc",France,PA,EUR,ETF,FR0010326140
RX,"Recylex S.A",France,PA,EUR,"Common Stock",FR0000120388
RXL,"Rexel S.A",France,PA,EUR,"Common Stock",FR0010451203
S30,"Solutions 30 SE",France,PA,EUR,"Common Stock",FR0013379484
S500,"Amundi Index Solutions - Amundi Index S&P 500",France,PA,EUR,ETF,LU1437017863
S6EW,"Ossiam STOXX Europe 600 Equal Weight NR UCITS ETF 1C (EUR)",France,PA,EUR,ETF,LU0599613147
SABE,"Saint Jean Groupe Société anonyme",France,PA,EUR,"Common Stock",FR0000060121
SACI,"Fiducial Office Solutions",France,PA,EUR,"Common Stock",FR0000061418
SAF,"Safran SA",France,PA,EUR,"Common Stock",FR0000073272
SAMS,"Samse SA",France,PA,EUR,"Common Stock",FR0000060071
SAN,Sanofi,France,PA,EUR,"Common Stock",FR0000120578
SAVE,"Savencia SA",France,PA,EUR,"Common Stock",FR0000120107
SBT,"Oeneo SA",France,PA,EUR,"Common Stock",FR0000052680
SCHP,"Séché Environnement SA",France,PA,EUR,"Common Stock",FR0000039109
SCR,"SCOR SE",France,PA,EUR,"Common Stock",FR0010411983
SDG,"Synergie SE",France,PA,EUR,"Common Stock",FR0000032658
SDT,"Visiodent SA",France,PA,EUR,"Common Stock",FR0000065765
SEC,"Soditech SA",France,PA,EUR,"Common Stock",FR0000078321
SEFER,"SergeFerrari Group SA",France,PA,EUR,"Common Stock",FR0011950682
SEL,"Lyxor Index Fund - Lyxor STOXX Europe Select Dividend 30 UCITS ETF Dist",France,PA,EUR,ETF,LU1812092168
SELER,Selectirente,France,PA,EUR,"Common Stock",FR0004175842
SESG,"SES S.A",France,PA,EUR,"Common Stock",LU0088087324
SESL,"SES-imagotag Société Anonyme",France,PA,EUR,"Common Stock",FR0010282822
SEUC,"SPDR Bloomberg Barclays 0-3 Year Euro Corporate Bond UCITS ETF",France,PA,EUR,ETF,IE00BC7GZW19
SEV,"Suez SA",France,PA,EUR,"Common Stock",FR0010613471
SFCA,"Société Française de Casinos Société Anonyme",France,PA,EUR,"Common Stock",FR0010209809
SFPI,"GROUPE SFPI SA",France,PA,EUR,"Common Stock",FR0004155000
SGO,"Compagnie de Saint-Gobain S.A",France,PA,EUR,"Common Stock",FR0000125007
SGQE,"Lyxor SG European Quality Income NTR (DR) UCITS ETF",France,PA,EUR,ETF,LU0959210278
SGQI,"Lyxor SG Global Quality Income NTR UCITS ETF - D-EUR",France,PA,EUR,ETF,LU0832436512
SGVB,"Lyxor Index Fund - Lyxor SG Global Value Beta UCITS ETF Acc",France,PA,EUR,ETF,LU1081771369
SHC,"Lyxor CAC 40 Daily (-1x) Inverse UCITS ETF Acc",France,PA,EUR,ETF,FR0010591362
SIGHT,"GenSight Biologics S.A",France,PA,EUR,"Common Stock",FR0013183985
SII,"Société pour l'Informatique Industrielle SII S.A",France,PA,EUR,"Common Stock",FR0000074122
SK,"SEB SA",France,PA,EUR,"Common Stock",FR0000121709
SLB,"Schlumberger Limited",France,PA,EUR,"Common Stock",AN8068571086
SMC,"SPDR MSCI Europe Small Cap UCITS ETF",France,PA,EUR,ETF,IE00BKWQ0M75
SMCP,"SMCP S.A",France,PA,EUR,"Common Stock",FR0013214145
SMRT,"Amundi Index Solutions - Amundi Index Equity Global Multi Smart Allocation Scientific Beta ETF-C EUR",France,PA,EUR,ETF,FR0011829084
SMRU,"Amundi Index Solutions - Amundi Index Equity Global Multi Smart Allocation Scientific Beta ETF-C USD",France,PA,USD,ETF,FR0011839943
SMTPC,"Société Marseillaise du Tunnel Prado Carénage",France,PA,EUR,"Common Stock",FR0004016699
SO,"Somfy SA",France,PA,EUR,"Common Stock",FR0013199916
SOG,"Sogeclair SA",France,PA,EUR,"Common Stock",FR0000065864
SOI,"Soitec S.A",France,PA,EUR,"Common Stock",FR0013227113
SOP,"Sopra Steria Group SA",France,PA,EUR,"Common Stock",FR0000050809
SP5,"Lyxor S&P 500 UCITS ETF - D-EUR",France,PA,EUR,ETF,LU0496786574
SP5C,"Lyxor S&P 500 UCITS ETF - C-EUR",France,PA,EUR,ETF,LU1135865084
SPEL,"Foncière Volta",France,PA,EUR,"Common Stock",FR0000053944
SPIE,"SPIE SA",France,PA,EUR,"Common Stock",FR0012757854
SPMV,"Ossiam US Minimum Variance ESG NR UCITS ETF 1A (EUR)",France,PA,EUR,ETF,IE00BHNGHX58
SPY4,"SPDR S&P 400 US Mid Cap UCITS ETF",France,PA,EUR,ETF,IE00B4YBJ215
SPY5,"SPDR S&P 500 UCITS ETF",France,PA,EUR,ETF,IE00B6YX5C33
SQI,"SQLI SA",France,PA,EUR,"Common Stock",FR0011289040
SRIE,"BNP Paribas Easy MSCI Europe SRI S-Series 5% Capped UCITS ETF Distribution",France,PA,EUR,ETF,LU1753045415
SRIJ,"BNP Paribas Easy MSCI Japan SRI S-Series 5% Capped UCITS ETF Distribution",France,PA,EUR,ETF,LU1753045928
SRP,"SRP Groupe S.A",France,PA,EUR,"Common Stock",FR0013006558
STF,"STEF SA",France,PA,EUR,"Common Stock",FR0000064271
STK,"SPDR MSCI Europe Technology UCITS ETF",France,PA,EUR,ETF,IE00BKWQ0K51
STLA,"Stellantis N.V",France,PA,EUR,"Common Stock",NL00150001Q9
STM,"STMicroelectronics N.V",France,PA,EUR,"Common Stock",NL0000226223
STN,"SPDR MSCI Europe Energy UCITS ETF",France,PA,EUR,ETF,IE00BKWQ0F09
STP,"SPDR MSCI Europe Materials UCITS ETF",France,PA,EUR,ETF,IE00BKWQ0L68
STQ,"SPDR MSCI Europe Industrials UCITS ETF",France,PA,EUR,ETF,IE00BKWQ0J47
STR,"SPDR MSCI Europe Consumer Discretionary UCITS ETF",France,PA,EUR,ETF,IE00BKWQ0C77
STS,"SPDR MSCI Europe Consumer Staples UCITS ETF",France,PA,EUR,ETF,IE00BKWQ0D84
STT,"SPDR MSCI Europe Communication Services UCITS ETF",France,PA,EUR,ETF,IE00BKWQ0N82
STU,"SPDR MSCI Europe Utilities UCITS ETF",France,PA,EUR,ETF,IE00BKWQ0P07
STW,"SPDR MSCI Europe Health Care UCITS ETF",France,PA,EUR,ETF,IE00BKWQ0H23
STZ,"SPDR MSCI Europe Financials UCITS ETF",France,PA,EUR,ETF,IE00BKWQ0G16
SU,"Schneider Electric S.E",France,PA,EUR,"Common Stock",FR0000121972
SW,"Sodexo S.A",France,PA,EUR,"Common Stock",FR0000121220
SWP,"Sword Group S.E",France,PA,EUR,"Common Stock",FR0004180578
SX,"CS Communication & Systemes SA",France,PA,EUR,"Common Stock",FR0007317813
TAYN,"Societe de Tayninh SA",France,PA,EUR,"Common Stock",FR0000063307
TCH,"Technicolor SA",France,PA,EUR,"Common Stock",FR0013505062
TE,"Technip Energies N.V",France,PA,EUR,"Common Stock",
TELW,"Lyxor MSCI World Telecommunication Services TR UCITS ETF - C-EUR",France,PA,EUR,ETF,LU0533034129
TEP,"Teleperformance SE",France,PA,EUR,"Common Stock",FR0000051807
TES,"Tessi SA",France,PA,EUR,"Common Stock",FR0004529147
TFF,"TFF Group",France,PA,EUR,"Common Stock",FR0013295789
TFI,"Télévision Française 1 Société anonyme",France,PA,EUR,"Common Stock",FR0000054900
THEP,"Thermador Groupe SA",France,PA,EUR,"Common Stock",FR0013333432
TIPI,"Tipiak Société Anonyme",France,PA,EUR,"Common Stock",FR0000066482
TKO,"Tikehau Capital",France,PA,EUR,"Common Stock",FR0013230612
TKTT,"Tarkett S.A",France,PA,EUR,"Common Stock",FR0004188670
TNG,"Transgene SA",France,PA,EUR,"Common Stock",FR0005175080
TNO,"Lyxor Index Fund - Lyxor Stoxx Europe 600 Technology UCITS ETF Acc",France,PA,EUR,ETF,FR0010344796
TNOW,"Lyxor MSCI World Information Technology TR UCITS ETF - C-EUR",France,PA,EUR,ETF,LU0533033667
TOUP,"Touax SCA",France,PA,EUR,"Common Stock",FR0000033003
TPHC,"Amundi Index Solutions - Amundi Japan Topix UCITS ETF-C CHF Hedged",France,PA,CHF,ETF,FR0013143757
TPXE,"Amundi Index Solutions - Amundi Japan Topix UCITS ETF-C EUR",France,PA,EUR,ETF,LU1681037609
TPXH,"Amundi Index Solutions - Amundi Japan Topix UCITS ETF-C EUR Hedged",France,PA,EUR,ETF,LU1681037864
TRI,"Trigano S.A",France,PA,EUR,"Common Stock",FR0005691656
TRV,"Lyxor Index Fund - Lyxor STOXX Europe 600 Travel & Leisure UCITS ETF Acc",France,PA,EUR,ETF,FR0010344838
TSYE,"SPDR Bloomberg Barclays U.S. Treasury Bond UCITS ETF",France,PA,EUR,ETF,IE00B44CND37
TTE,"TotalEnergies SE",France,PA,EUR,"Common Stock",
TUR,"Lyxor MSCI Turkey UCITS ETF Acc",France,PA,EUR,ETF,FR0010326256
TVRB,"Téléverbier SA",France,PA,EUR,"Common Stock",CH0008175645
TWN,"Lyxor MSCI Taiwan UCITS ETF - Acc-EUR",France,PA,EUR,ETF,FR0010444786
UBBB,"Amundi Index Solutions - Amundi Index Barclays US Corp BBB 1-5 UCITS ETF DR",France,PA,USD,ETF,LU1525418726
UBI,"Ubisoft Entertainment SA",France,PA,EUR,"Common Stock",FR0000054470
UFF,"Union Financière de France Banque SA",France,PA,EUR,"Common Stock",FR0000034548
UIFL,"Amundi Index Solutions - Amundi Index Barclays US Gov Inflation-Linked Bond UCITS ETF DR",France,PA,USD,ETF,LU1525419294
UKX,"HSBC FTSE 100 UCITS ETF",France,PA,EUR,ETF,IE00B42TW061
UNBL,"Unibel S.A",France,PA,EUR,"Common Stock",FR0000054215
US1,"Amundi Index Solutions - Amundi US Treasury 1-3 Ucits ETF USD C",France,PA,USD,ETF,LU1681040819
US10,"Lyxor US Treasury 10+Y (DR) UCITS ETF Dist",France,PA,USD,ETF,LU1407890620
US13,"Lyxor US Treasury 1-3Y (DR) UCITS ETF&#226;&#128;&#147; Dist",France,PA,EUR,ETF,LU1407887162
US3,"Amundi Index Solutions - Amundi US Treasury 3-7 Ucits ETF USD C",France,PA,USD,ETF,LU1681040736
US7,"Amundi Index Solutions - Amundi US Treasury 7-10",France,PA,USD,ETF,LU1681040652
USA,"Lyxor MSCI USA UCITS ETF Dist",France,PA,EUR,ETF,FR0010296061
USAC,"Lyxor MSCI USA UCITS ETF Acc",France,PA,EUR,ETF,FR0011363423
USIH,"Lyxor Index Fund - Lyxor ESG USD Corporate Bond (DR) UCITS ETF - Monthly Hedged to EUR - Dist",France,PA,EUR,ETF,LU1285960032
USRI,"Amundi Index Solutions - Amundi MSCI USA SRI UCITS ETF DR",France,PA,EUR,ETF,LU1861136247
UST,"Lyxor Nasdaq-100 Ucits ETF Acc",France,PA,EUR,ETF,FR0007063177
UTI,"Lyxor Index Fund - Lyxor Stoxx Europe 600 Utilities UCITS ETF Acc",France,PA,EUR,ETF,FR0000074197
UTLW,"Lyxor MSCI World Utilities TR UCITS ETF - C-EUR",France,PA,EUR,ETF,LU0533034558
VAC,"Pierre et Vacances SA",France,PA,EUR,"Common Stock",FR0000073041
VAL,"Lyxor Index Fund - Lyxor MSCI EMU Value (DR) UCITS ETF Dist",France,PA,EUR,ETF,FR0010168781
VALD,"BNP Paribas Easy Equity Value Europe UCITS ETF Dis",France,PA,EUR,ETF,LU1481201702
VBTC,"VanEck Vectors Bitcoin ETN A",France,PA,EUR,ETF,DE000A28M8D0
VCT,"Vicat SA",France,PA,EUR,"Common Stock",FR0000031775
VDLO,"Videlio SA",France,PA,EUR,"Common Stock",FR0000066680
VETH,"VanEck Vectors Ethereum ETN A",France,PA,EUR,ETF,DE000A3GPSP7
VETO,"Vetoquinol SA",France,PA,EUR,"Common Stock",FR0004186856
VIE,"Veolia Environnement S.A",France,PA,EUR,"Common Stock",FR0000124141
VIL,"VIEL & Cie, société anonyme",France,PA,EUR,"Common Stock",FR0000050049
VIRP,"Virbac SA",France,PA,EUR,"Common Stock",FR0000031577
VIV,"Vivendi SE",France,PA,EUR,"Common Stock",FR0000127771
VK,"Vallourec S.A",France,PA,EUR,"Common Stock",FR0013506730
VLA,"Valneva SE",France,PA,EUR,"Common Stock",FR0004056851
VLED,"BNP Paribas Easy Equity Low Vol Europe UCITS ETF Dis",France,PA,EUR,ETF,LU1481201025
VLTSA,"Voltalia SA",France,PA,EUR,"Common Stock",FR0011995588
VMX,"Verimatrix Société anonyme",France,PA,EUR,"Common Stock",FR0010291245
VRAP,"Vranken-Pommery Monopole Société Anonyme",France,PA,EUR,"Common Stock",FR0000062796
VRLA,"Verallia Société Anonyme",France,PA,EUR,"Common Stock",
VRNL,"Verneuil Finance Société anonyme",France,PA,EUR,"Common Stock",FR0000062465
WAT,"Multi Units France - Lyxor World Water UCITS ETF",France,PA,EUR,ETF,FR0010527275
WAVE,"Wavestone SA",France,PA,EUR,"Common Stock",FR0013357621
WLD,"Lyxor MSCI World UCITS ETF Dist",France,PA,EUR,ETF,FR0010315770
WLDH,"Lyxor MSCI World UCITS ETF Monthly Hedged to EUR Dist",France,PA,EUR,ETF,FR0011660927
WLN,"Worldline SA",France,PA,EUR,"Common Stock",FR0011981968
WRD,"HSBC ETFs Public Limited Company - HSBC MSCI World UCITS ETF",France,PA,EUR,ETF,IE00B4X9L533
WSRI,"Amundi Index Solutions - Amundi MSCI World SRI UCITS ETF DR",France,PA,EUR,ETF,LU1861134382
X13G,"Amundi Index Solutions - Amundi Govt Bond Lowest Rated Euromts Investment Grade 1-3 UCITS ETF-C",France,PA,EUR,ETF,LU1681046345
X1G,"Amundi Index Solutions - Amundi Govt Bond Lowest Rated Euromts Investment Grade UCITS ETF-C",France,PA,EUR,ETF,LU1681046774
X1GD,"Amundi Index Solutions - Amundi Govt Bond Lowest Rated Euromts Investment Grade UCITS ETF-D",France,PA,EUR,ETF,LU1681046857
XFAB,"X-FAB Silicon Foundries SE",France,PA,EUR,"Common Stock",BE0974310428
XIL,"Xilam Animation",France,PA,EUR,"Common Stock",FR0004034072
XPO,"XPO Logistics Europe SA",France,PA,EUR,"Common Stock",FR0000052870
YIEL,"Lyxor Index Fund - Lyxor ESG Euro High Yield (DR) UCITS ETF",France,PA,EUR,ETF,FR0010975771
85357