[
    {
        "asOfDate": "2021-03-21",
        "clients": 50,
        "prospects": 500,
        "projects": 25,
        "briefNotesViews": 340,
        "totalPortfoliosValue": 97567,
        "totalInflow": 65789,
        "totalOutflow": 1276,
        "revenue": 30765,
        "totalstreamAudience": 64,
        "totalMeetings": 12,
        "invoices":[
            {
                "type": "advice",
                "label": "advices",
                "number": 540
            }
        ],
        "portfolioValue": [{
            "datetime": "18/02/2021T11:30:65+00:00",
            "price": 1893955
        },
        {
            "datetime": "19/02/2021T11:35:65+00:00",
            "price": 1893955
        },
        {
            "datetime": "20/02/2021T11:35:65+00:00",
            "price": 1893955
        },
        {
            "datetime": "21/02/2021T11:35:65+00:00",
            "price": 1893955
        },
        {
            "datetime": "22/02/2021T11:35:65+00:00",
            "price": 1893955
        },
        {
            "datetime": "23/02/2021T11:35:65+00:00",
            "price": 1893955
        }],
        "holdingsRepartition": [{
            "code": "equity",
            "label": "Equity",
            "value": 20
        },
        {
            "code": "FixedIncome",
            "label": "Fixed Incomes",
            "value": 20
        },{
            "code": "Commodities",
            "label": "Commodities",
            "value": 20
        },{
            "code": "Crypto",
            "label": "Crypto",
            "value": 20
        },
        {
            "code": "RealEstate",
            "label": "Real estate",
            "value": 20
        }]
    }
]