{
  "briefNoteList" : [{
    "creatorName":"Alain Dubois",
    "id": "0bfe6c1a-45b6-4275-ad21-b839e32ae5dsc",
    "creatorId": "0bfe6c1a-45b6-4275-ad21-b869e32ae5dsc",
    "creatorPicture":"",
    "creationDate": "23/02/2021T11:30:65+00:00",
    "creatorCompany": "Conseil Etoile",
    "creatorCountry": "France",
    "creatorCompanyCountry": "France",
    "creatorCountryCode": "FR",
    "creatorCompanyCountryCode": "FR",
    "usefullForNb": 450,
    "usefullForCurrentUser": 0,
    "tagsList": ["US Makert Open", "Equity", "Bourse de New york"],
    "text": "Principales valeurs à suivre vendredi à Wall Street, où les contrats à terme sur indices suggèrent une ouverture en baisse d'environ 0,3% pour le Dow Jones et proche de l'équilibre pour le Standard & Poor's 500 comme pour le Nasdaq"
  },{
    "creatorName":"Michel Dumois",
    "id": "0bfe6c1a-45b6-4275-ad21-b839e32ae5dsc",
    "creatorId": "0bfe6c1a-45b6-4275-ad21-b869e32ae5dsc",
    "creatorPicture": "",
    "creationDate": "23/02/2021T11:30:65+00:00",
    "creatorCompany": "Conseil Etoile",
    "creatorCountry": "France",
    "creatorCompanyCountry": "France",
    "creatorCountryCode": "FR",
    "creatorCompanyCountryCode": "FR",
    "usefullForNb": 450,
    "usefullForCurrentUser": 0,
    "tagsList": ["US Makert Open", "Equity", "Bourse de New york"],
    "text": "Principales valeurs à suivre vendredi à Wall Street, où les contrats à terme sur indices suggèrent une ouverture en baisse d'environ 0,3% pour le Dow Jones et proche de l'équilibre pour le Standard & Poor's 500 comme pour le Nasdaq"
  },{
    "creatorName":"Narcisse Dubois",
    "id": "0bfe6c1a-45b6-4275-ad21-b839e32ae5dsc",
    "creatorId": "0bfe6c1a-55b6-4275-ad21-b869e32ae5dsc",
    "creatorPicture":"",
    "creationDate": "23/02/2021T11:30:65+00:00",
    "creatorCompany": "Conseil Etoile",
    "creatorCountry": "France",
    "creatorCompanyCountry": "France",
    "creatorCountryCode": "FR",
    "creatorCompanyCountryCode": "FR",
    "usefullForNb": 450,
    "usefullForCurrentUser": 0,
    "tagsList": ["US Makert Open", "Equity", "Bourse de New york"],
    "text": "Principales valeurs à suivre vendredi à Wall Street, où les contrats à terme sur indices suggèrent une ouverture en baisse d'environ 0,3% pour le Dow Jones et proche de l'équilibre pour le Standard & Poor's 500 comme pour le Nasdaq"
  },{
    "creatorName":"Philippe Dubois",
    "id": "0bfe6c1a-45b6-4275-ad21-b839e32ae5dsc",
    "creatorId": "0bfe6c1a-45b6-4275-ad21-b869e32ae5dsc",
    "creatorPicture":"",
    "creationDate": "23/02/2021T11:30:65+00:00",
    "creatorCompany": "Conseil Etoile",
    "creatorCountry": "France",
    "creatorCompanyCountry": "France",
    "creatorCountryCode": "FR",
    "creatorCompanyCountryCode": "FR",
    "usefullForNb": 450,
    "usefullForCurrentUser": 0,
    "tagsList": ["US Makert Open", "Equity", "Bourse de New york"],
    "text": "Principales valeurs à suivre vendredi à Wall Street, où les contrats à terme sur indices suggèrent une ouverture en baisse d'environ 0,3% pour le Dow Jones et proche de l'équilibre pour le Standard & Poor's 500 comme pour le Nasdaq"
  },{
    "creatorName":"Alain Lebon",
    "id": "0bfe6c1a-45b6-4275-ad21-b839e32ae5dsc",
    "creatorId": "0bfe6c1a-45b6-4275-ad21-b869e32ae5dsc",
    "creatorPicture":"",
    "creationDate": "23/02/2021T11:30:65+00:00",
    "creatorCompany": "Conseil Etoile",
    "creatorCountry": "France",
    "creatorCompanyCountry": "France",
    "creatorCountryCode": "FR",
    "creatorCompanyCountryCode": "FR",
    "usefullForNb": 450,
    "usefullForCurrentUser": 0,
    "tagsList": ["US Makert Open", "Equity", "Bourse de New york"],
    "text": "Principales valeurs à suivre vendredi à Wall Street, où les contrats à terme sur indices suggèrent une ouverture en baisse d'environ 0,3% pour le Dow Jones et proche de l'équilibre pour le Standard & Poor's 500 comme pour le Nasdaq"
  }]
}